post,案件,縣市,鄉鎮市區,里,鄰,編號,投開票所,地址,同意票數,不同意票數,有效票數,無效票數,投票數,已領未投票數,發出票數,用於票數,投票權人數,投票率(%),有效同意票數對投票權人數百分比(%),有效不同意票數對投票權人數百分比(%),有效同意與不同意票數對投票權人數百分比差值,odds,log_odds,post
南投縣竹山鎮251,第7案,南投縣,竹山鎮,延和里,"19-22,24",251,延和國中,南投縣竹山鎮鹿山路40號,147,604,751,56,807,0,807,630,1437,56.16%,10.23%,42.03%,-31.8,0.24350273133587153,-1.412627119537304,南投縣竹山鎮251
南投縣集集鎮293,第7案,南投縣,集集鎮,廣明里,7-11,293,玉皇宮,南投縣集集鎮廣明里洞角巷３６號,31,159,190,21,211,0,211,208,419,50.36%,7.40%,37.95%,-30.55,0.19547454431175362,-1.6323251161585526,南投縣集集鎮293
嘉義縣布袋鎮346,第7案,嘉義縣,布袋鎮,菜舖里,全里,346,菜舖社區活動中心,嘉義縣布袋鎮菜舖?24號之1,168,40,208,35,243,0,243,185,428,56.78%,39.25%,9.35%,29.9,4.192019950124688,1.4331827061020466,嘉義縣布袋鎮346
嘉義縣阿里山鄉482,第7案,嘉義縣,阿里山鄉,達邦村,全村,482,達邦舊圖書館,嘉義縣阿里山鄉23之1號,23,70,93,361,454,0,454,373,827,54.9%,2.78%,8.46%,-5.68,0.3295292439372326,-1.1100901765127964,嘉義縣阿里山鄉482
彰化縣埔鹽鄉708,第7案,彰化縣,埔鹽鄉,新水村,6-11,708,四聖宮,彰化縣埔鹽鄉大新路臨5之18號,321,102,423,72,495,0,495,303,798,62.03%,40.23%,12.78%,27.45,3.1449559255631736,1.1457998759248484,彰化縣埔鹽鄉708
彰化縣花壇鄉199,第7案,彰化縣,花壇鄉,文德村,"1,4-6,8,13,15",199,文德村明聖宮(一),彰化縣花壇鄉文德村溪南街66巷16號,430,125,555,48,603,0,603,350,953,63.27%,45.12%,13.12%,32.0,3.438049560351719,1.2349043223168252,彰化縣花壇鄉199
新北市三峽區1950,第7案,新北市,三峽區,龍學里,"37,39-42",1950,北大高中1樓閱覽室,新北市三峽區大義路277號,124,686,810,28,838,0,838,625,1463,57.28%,8.48%,46.89%,-38.41,0.1808774231161638,-1.7099356974862836,新北市三峽區1950
新北市土城區1886,第7案,新北市,土城區,廷寮里,"1-9,13",1886,廷寮社區活動中心(右側),新北市土城區永豐路171號旁,79,170,249,40,289,0,289,1046,1335,21.65%,5.92%,12.73%,-6.81,0.46502057613168724,-0.7656736246282079,新北市土城區1886
新北市新莊區440,第7案,新北市,新莊區,立泰里,1-6,440,新泰國中(910教室),新北市新莊區新泰路359號,575,180,755,70,825,0,825,673,1498,55.07%,38.38%,12.02%,26.36,3.193225985563576,1.161031686537798,新北市新莊區440
新北市新莊區480,第7案,新北市,新莊區,龍鳳里,"1-4,6",480,丹鳳高中(701教室),新北市新莊區龍安路72號,215,685,900,53,953,4,957,689,1646,57.9%,13.06%,41.62%,-28.56,0.3139687636841337,-1.158461776735169,新北市新莊區480
桃園市八德區370,第7案,桃園市,八德區,陸光里,17-25,370,陸光社區活動中心舞台邊,桃園市八德區陸光街50巷1號,84,475,559,54,613,0,613,642,1255,48.84%,6.69%,37.85%,-31.16,0.17701536518627656,-1.7315187412139734,桃園市八德區370
臺中市大里區1450,第7案,臺中市,大里區,金城里,"24,25,29-32,42,46",1450,大里幼兒園-金城分班廣場,臺中市大里區塗城路923巷20號,566,146,712,38,750,0,750,586,1336,56.14%,42.37%,10.93%,31.44,3.874743326488707,1.3544794222859606,臺中市大里區1450
臺中市豐原區436,第7案,臺中市,豐原區,三村里,"1-3,11",436,三村里活動中心(2),臺中市豐原區豐原大道一段609號,161,755,916,0,916,59,975,560,1535,59.67%,10.49%,49.19%,-38.7,0.21334922526817637,-1.5448249006264514,臺中市豐原區436
臺北市中正區1051,第7案,臺北市,中正區,龍光里,1-8,1051,建國中學自強樓119教室,臺北市中正區南海路56號,645,158,803,43,846,0,846,527,1373,61.62%,46.98%,11.51%,35.47,4.080328905755851,1.4061775993227699,臺北市中正區1051
臺北市信義區728,第7案,臺北市,信義區,中行里,21-26,728,福德國小四維樓川堂〈後〉,臺北市信義區福德街253號,182,562,744,35,779,1,780,580,1360,57.28%,13.38%,41.32%,-27.94,0.32396370752535136,-1.127123783274467,臺北市信義區728
臺南市北區882,第7案,臺南市,北區,大興里,"1,2,6-7,9-11,15,17-19",882,大仁社區活動中心,臺南市北區大興里和緯路1段1號,148,470,618,39,657,1,658,868,1526,43.05%,9.70%,30.80%,-21.1,0.3150393533290789,-1.1550577167563318,臺南市北區882
臺南市安南區659,第7案,臺南市,安南區,總頭里,全里,659,興安宮,臺南市安南區總頭里長溪路2段561號,686,221,907,111,1018,0,1018,817,1835,55.48%,37.38%,12.04%,25.34,3.1031207598371777,1.1324083018334445,臺南市安南區659
苗栗縣通霄鎮170,第7案,苗栗縣,通霄鎮,南和里,全里,170,南和社區活動中心,苗栗縣通霄鎮南和里95-1號,316,101,417,60,477,0,477,313,790,60.38%,40.00%,12.78%,27.22,3.1266073194856583,1.1399484931951465,苗栗縣通霄鎮170
苗栗縣頭份市333,第7案,苗栗縣,頭份市,珊湖里,14-21,333,珊湖社區活動中心(一樓),苗栗縣頭份市珊湖里珊湖33-5號,117,411,528,24,552,0,552,376,928,59.48%,12.61%,44.29%,-31.68,0.2848455363658477,-1.255808223300161,苗栗縣頭份市333
高雄市大社區640,第7案,高雄市,大社區,大社里,"1-6,24",640,大社國小(北107),高雄市大社區三民路336號,148,423,571,63,634,0,634,352,986,64.3%,15.01%,42.90%,-27.89,0.3500354526116757,-1.0497208364522688,高雄市大社區640
高雄市岡山區319,第7案,高雄市,岡山區,嘉峰里,13-15,319,慈雲北極殿西側,高雄市岡山區田厝路15號,142,48,190,14,204,0,204,97,301,67.77%,47.18%,15.95%,31.23,2.954261954261954,1.0832488579913395,高雄市岡山區319
高雄市林園區1803,第7案,高雄市,林園區,王公里,"21,23-31",1803,鳳林寺,高雄市林園區王公路236號,513,77,590,31,621,0,621,549,1170,53.08%,43.85%,6.58%,37.27,6.654993514915695,1.8953674773786355,高雄市林園區1803
高雄市苓雅區1157,第7案,高雄市,苓雅區,廣澤里,1-13,1157,苓雅國中午餐教室,高雄市苓雅區四維三路176號,65,147,212,51,263,0,263,731,994,26.46%,6.54%,14.79%,-8.25,0.442556084296397,-0.8151880783928683,高雄市苓雅區1157
臺北市信義區728,第8案,臺北市,信義區,中行里,21-26,728,福德國小四維樓川堂〈後〉,臺北市信義區福德街253號,537,199,736,44,780,2,782,578,1360,57.35%,39.49%,14.63%,24.86,2.6976393771973886,0.9923770858412632,臺北市信義區728
高雄市湖內區154,第8案,高雄市,湖內區,公?里,"2-3,17",154,明宗國小(一)107教室,高雄市湖內區保生路103號,454,159,613,34,647,0,647,432,1079,59.96%,42.08%,14.74%,27.34,2.8541797611565056,1.0487845027601643,高雄市湖內區154
嘉義縣布袋鎮346,第8案,嘉義縣,布袋鎮,菜舖里,全里,346,菜舖社區活動中心,嘉義縣布袋鎮菜舖?24號之1,44,162,206,37,243,0,243,185,428,56.78%,10.28%,37.85%,-27.57,0.27205428747686616,-1.30175364628883,嘉義縣布袋鎮346
臺北市中正區1051,第8案,臺北市,中正區,龍光里,1-8,1051,建國中學自強樓119教室,臺北市中正區南海路56號,59,200,259,56,315,0,315,1058,1373,22.94%,4.30%,14.57%,-10.27,0.29535232383808097,-1.219586317177635,臺北市中正區1051
臺南市北區882,第8案,臺南市,北區,大興里,"1,2,6-7,9-11,15,17-19",882,大仁社區活動中心,臺南市北區大興里和緯路1段1號,451,156,607,52,659,1,660,866,1526,43.18%,29.55%,10.22%,19.33,2.889814221652787,1.061192216892964,臺南市北區882
高雄市林園區1803,第8案,高雄市,林園區,王公里,"21,23-31",1803,鳳林寺,高雄市林園區王公路236號,39,184,223,39,262,0,262,908,1170,22.39%,3.33%,15.73%,-12.4,0.21238457360130367,-1.549356621247712,高雄市林園區1803
新北市三峽區1950,第8案,新北市,三峽區,龍學里,"37,39-42",1950,北大高中1樓閱覽室,新北市三峽區大義路277號,649,162,811,28,839,1,840,623,1463,57.35%,44.36%,11.07%,33.29,4.004318322023442,1.3873733592977924,新北市三峽區1950
新北市新莊區440,第8案,新北市,新莊區,立泰里,1-6,440,新泰國中(910教室),新北市新莊區新泰路359號,178,571,749,79,828,0,828,670,1498,55.27%,11.88%,38.12%,-26.24,0.3118543162318333,-1.1652191353752013,新北市新莊區440
桃園市平鎮區803,第8案,桃園市,平鎮區,平鎮里,19-32,803,鎮安宮,桃園市平鎮區南平路二段26號,580,179,759,50,809,1,810,681,1491,54.26%,38.90%,12.01%,26.89,3.2389726409826913,1.1752561934053525,桃園市平鎮區803
苗栗縣通霄鎮170,第8案,苗栗縣,通霄鎮,南和里,全里,170,南和社區活動中心,苗栗縣通霄鎮南和里95-1號,95,321,416,61,477,0,477,313,790,60.38%,12.03%,40.63%,-28.6,0.29616941762690746,-1.2168236315441239,苗栗縣通霄鎮170
南投縣竹山鎮240,第8案,南投縣,竹山鎮,竹圍里,13-19,240,竹山高中（右側）,南投縣竹山鎮下橫街253號,93,479,572,70,642,0,642,601,1243,51.65%,7.48%,38.54%,-31.06,0.19432268837403463,-1.6382351596060551,南投縣竹山鎮240
嘉義縣阿里山鄉482,第8案,嘉義縣,阿里山鄉,達邦村,全村,482,達邦舊圖書館,嘉義縣阿里山鄉23之1號,340,83,423,31,454,0,454,373,827,54.9%,41.11%,10.04%,31.07,4.09265944645006,1.4091949901517473,嘉義縣阿里山鄉482
高雄市苓雅區1157,第8案,高雄市,苓雅區,廣澤里,1-13,1157,苓雅國中午餐教室,高雄市苓雅區四維三路176號,420,168,588,58,646,0,646,348,994,64.99%,42.25%,16.90%,25.35,2.4991076740035694,0.9159337377607665,高雄市苓雅區1157
彰化縣埔鹽鄉708,第8案,彰化縣,埔鹽鄉,新水村,6-11,708,四聖宮,彰化縣埔鹽鄉大新路臨5之18號,106,313,419,76,495,0,495,303,798,62.03%,13.28%,39.22%,-25.94,0.3388693708080485,-1.0821405827124226,彰化縣埔鹽鄉708
苗栗縣頭屋鄉105,第8案,苗栗縣,頭屋鄉,明德村,1-17,105,明德社區活動中心,苗栗縣頭屋鄉明德村明德路81號,373,91,464,37,501,0,501,293,794,63.1%,46.98%,11.46%,35.52,4.09549945115258,1.4098886759611997,苗栗縣頭屋鄉105
高雄市左營區542,第8案,高雄市,左營區,尾北里,"1-5,11,13,15-17,20-22,25,27,28",542,仙樹三山宮,高雄市左營區左營下路240號,539,201,740,57,797,0,797,795,1592,50.06%,33.86%,12.63%,21.23,2.680755842864247,0.9860987856790168,高雄市左營區542
雲林縣元長鄉202,第8案,雲林縣,元長鄉,內寮村,全村,202,內寮村集會所活動中心,雲林縣元長鄉內寮村姚厝9-1號,120,38,158,11,169,2,171,439,610,27.7%,19.67%,6.23%,13.44,3.1522309711286085,1.1481104469532823,雲林縣元長鄉202
雲林縣大埤鄉494,第8案,雲林縣,大埤鄉,怡然村,全村,494,怡然社區活動中心,雲林縣大埤鄉怡然村復興51號,248,75,323,22,345,0,345,388,733,47.07%,33.83%,10.23%,23.6,3.303595206391478,1.1950113319276663,雲林縣大埤鄉494
南投縣仁愛鄉487,第8案,南投縣,仁愛鄉,互助村,15-22,487,清流活動中心,南投縣仁愛鄉互助村明月巷50-1號,200,49,249,23,272,0,272,175,447,60.85%,44.74%,10.96%,33.78,4.075356415478615,1.4049582067892128,南投縣仁愛鄉487
桃園市八德區370,第8案,桃園市,八德區,陸光里,17-25,370,陸光社區活動中心舞台邊,桃園市八德區陸光街50巷1號,471,88,559,55,614,0,614,641,1255,48.92%,37.53%,7.01%,30.52,5.347332576617481,1.6765978527638616,桃園市八德區370
新北市土城區1886,第8案,新北市,土城區,廷寮里,"1-9,13",1886,廷寮社區活動中心(右側),新北市土城區永豐路171號旁,538,198,736,52,788,0,788,547,1335,59.03%,40.30%,14.83%,25.47,2.716304896516911,0.9992724627908688,新北市土城區1886
臺南市安南區659,第8案,臺南市,安南區,總頭里,全里,659,興安宮,臺南市安南區總頭里長溪路2段561號,254,628,882,142,1024,0,1024,811,1835,55.8%,13.84%,34.22%,-20.38,0.40455341506129594,-0.9049714991342167,臺南市安南區659
南投縣集集鎮293,第8案,南投縣,集集鎮,廣明里,7-11,293,玉皇宮,南投縣集集鎮廣明里洞角巷３６號,153,33,186,25,211,0,211,208,419,50.36%,36.52%,7.88%,28.64,4.625377643504532,1.531558020280621,南投縣集集鎮293
南投縣竹山鎮251,第8案,南投縣,竹山鎮,延和里,"19-22,24",251,延和國中,南投縣竹山鎮鹿山路40號,575,160,735,73,808,0,808,629,1437,56.23%,40.01%,11.13%,28.88,3.5921299188007496,1.2787453187170394,南投縣竹山鎮251
高雄市岡山區319,第8案,高雄市,岡山區,嘉峰里,13-15,319,慈雲北極殿西側,高雄市岡山區田厝路15號,46,138,184,19,203,0,203,98,301,67.44%,15.28%,45.85%,-30.57,0.33381607530774804,-1.0971651104126434,高雄市岡山區319
彰化縣花壇鄉199,第8案,彰化縣,花壇鄉,文德村,"1,4-6,8,13,15",199,文德村明聖宮(一),彰化縣花壇鄉文德村溪南街66巷16號,127,421,548,55,603,0,603,350,953,63.27%,13.33%,44.18%,-30.85,0.3018285442887675,-1.1978961569724738,彰化縣花壇鄉199
新北市新莊區480,第8案,新北市,新莊區,龍鳳里,"1-4,6",480,丹鳳高中(701教室),新北市新莊區龍安路72號,669,225,894,56,950,5,955,691,1646,57.72%,40.64%,13.67%,26.97,2.9724566859173702,1.0893887778760847,新北市新莊區480
新北市新莊區362,第8案,新北市,新莊區,仁愛里,1-10,362,思賢國小(119教室),新北市新莊區自立街229號,151,394,545,87,632,0,632,538,1170,54.02%,12.91%,33.68%,-20.77,0.38340522709972086,-0.9586628149222642,新北市新莊區362
臺北市內湖區332,第8案,臺北市,內湖區,港華里,11-15,332,麗山國中8年20班教室,臺北市內湖區內湖路1段629巷42號,76,207,283,54,337,1,338,1423,1761,19.14%,4.32%,11.75%,-7.43,0.3674553355866731,-1.0011535035338983,臺北市內湖區332
臺中市豐原區436,第8案,臺中市,豐原區,三村里,"1-3,11",436,三村里活動中心(2),臺中市豐原區豐原大道一段609號,695,206,901,69,970,4,974,561,1535,63.19%,45.28%,13.42%,31.86,3.3726346433770016,1.2156942322100268,臺中市豐原區436
臺中市大里區1450,第8案,臺中市,大里區,金城里,"24,25,29-32,42,46",1450,大里幼兒園-金城分班廣場,臺中市大里區塗城路923巷20號,160,535,695,53,748,0,748,588,1336,55.99%,11.98%,40.04%,-28.06,0.29919641188562884,-1.20665502531459,臺中市大里區1450
高雄市大社區640,第8案,高雄市,大社區,大社里,"1-6,24",640,大社國小(北107),高雄市大社區三民路336號,408,154,562,69,631,0,631,355,986,64%,41.38%,15.62%,25.76,2.648280337443219,0.97391050008569,高雄市大社區640
南投縣信義鄉456,第8案,南投縣,信義鄉,神木村,"1-7,12",456,神木社區活動中心,南投縣信義鄉神木巷7號,209,60,269,34,303,0,303,214,517,58.61%,40.43%,11.61%,28.82,3.4792013311148087,1.246802764893426,南投縣信義鄉456
苗栗縣頭份市333,第8案,苗栗縣,頭份市,珊湖里,14-21,333,珊湖社區活動中心(一樓),苗栗縣頭份市珊湖里珊湖33-5號,397,125,522,30,552,0,552,376,928,59.48%,42.78%,13.47%,29.31,3.174260591526779,1.1550747206643404,苗栗縣頭份市333
南投縣仁愛鄉487,第9案,南投縣,仁愛鄉,互助村,15-22,487,清流活動中心,南投縣仁愛鄉互助村明月巷50-1號,57,197,254,18,272,0,272,175,447,60.85%,12.75%,44.07%,-31.32,0.2897006595636733,-1.2389070974967098,南投縣仁愛鄉487
南投縣信義鄉456,第9案,南投縣,信義鄉,神木村,"1-7,12",456,神木社區活動中心,南投縣信義鄉神木巷7號,60,213,273,30,303,0,303,214,517,58.61%,11.61%,41.20%,-29.59,0.28202721726888785,-1.2657516975634096,南投縣信義鄉456
南投縣竹山鎮240,第9案,南投縣,竹山鎮,竹圍里,13-19,240,竹山高中（右側）,南投縣竹山鎮下橫街253號,476,113,589,88,677,0,677,566,1243,54.47%,38.29%,9.09%,29.2,4.209549071618038,1.4373555330783985,南投縣竹山鎮240
嘉義縣布袋鎮346,第9案,嘉義縣,布袋鎮,菜舖里,全里,346,菜舖社區活動中心,嘉義縣布袋鎮菜舖?24號之1,167,40,207,37,244,0,244,184,428,57.01%,39.02%,9.35%,29.67,4.167082294264339,1.4272161012888245,嘉義縣布袋鎮346
彰化縣埔鹽鄉708,第9案,彰化縣,埔鹽鄉,新水村,6-11,708,四聖宮,彰化縣埔鹽鄉大新路臨5之18號,308,106,414,83,497,0,497,301,798,62.28%,38.60%,13.28%,25.32,2.9038642789820925,1.066042359982685,彰化縣埔鹽鄉708
彰化縣花壇鄉199,第9案,彰化縣,花壇鄉,文德村,"1,4-6,8,13,15",199,文德村明聖宮(一),彰化縣花壇鄉文德村溪南街66巷16號,417,129,546,55,601,2,603,350,953,63.06%,43.76%,13.54%,30.22,3.230828814872192,1.1727387033503027,彰化縣花壇鄉199
新北市新莊區362,第9案,新北市,新莊區,仁愛里,1-10,362,思賢國小(119教室),新北市新莊區自立街229號,428,168,596,76,672,0,672,498,1170,57.44%,36.58%,14.36%,22.22,2.5466983938132066,0.9347977727363306,新北市新莊區362
新北市新莊區440,第9案,新北市,新莊區,立泰里,1-6,440,新泰國中(910教室),新北市新莊區新泰路359號,603,161,764,66,830,0,830,668,1498,55.41%,40.25%,10.75%,29.5,3.7436374922408446,1.3200577302740124,新北市新莊區440
桃園市平鎮區803,第9案,桃園市,平鎮區,平鎮里,19-32,803,鎮安宮,桃園市平鎮區南平路二段26號,156,601,757,50,807,1,808,683,1491,54.12%,10.46%,40.31%,-29.85,0.2596905672932956,-1.3482644825237302,桃園市平鎮區803
臺北市中正區1051,第9案,臺北市,中正區,龍光里,1-8,1051,建國中學自強樓119教室,臺北市中正區南海路56號,608,193,801,39,840,0,840,533,1373,61.18%,44.28%,14.06%,30.22,3.149145520455723,1.1471311526915955,臺北市中正區1051
臺北市內湖區332,第9案,臺北市,內湖區,港華里,11-15,332,麗山國中8年20班教室,臺北市內湖區內湖路1段629巷42號,731,217,948,46,994,1,995,766,1761,56.45%,41.51%,12.32%,29.19,3.367572547213266,1.2141921724150242,臺北市內湖區332
臺南市安南區659,第9案,臺南市,安南區,總頭里,全里,659,興安宮,臺南市安南區總頭里長溪路2段561號,648,248,896,114,1010,0,1010,825,1835,55.04%,35.31%,13.51%,21.8,2.6122531237404276,0.9602131147359151,臺南市安南區659
苗栗縣通霄鎮170,第9案,苗栗縣,通霄鎮,南和里,全里,170,南和社區活動中心,苗栗縣通霄鎮南和里95-1號,309,110,419,60,479,0,479,311,790,60.63%,39.11%,13.92%,25.19,2.8074477747502273,1.0322758054094365,苗栗縣通霄鎮170
苗栗縣頭屋鄉105,第9案,苗栗縣,頭屋鄉,明德村,1-17,105,明德社區活動中心,苗栗縣頭屋鄉明德村明德路81號,80,391,471,30,501,0,501,293,794,63.1%,10.08%,49.24%,-39.16,0.20480695474303245,-1.585687427687155,苗栗縣頭屋鄉105
雲林縣元長鄉202,第9案,雲林縣,元長鄉,內寮村,全村,202,內寮村集會所活動中心,雲林縣元長鄉內寮村姚厝9-1號,39,120,159,12,171,0,171,439,610,28.03%,6.39%,19.67%,-13.28,0.3255620316402998,-1.1222022620946177,雲林縣元長鄉202
雲林縣大埤鄉494,第9案,雲林縣,大埤鄉,怡然村,全村,494,怡然社區活動中心,雲林縣大埤鄉怡然村復興51號,74,249,323,21,344,0,344,389,733,46.93%,10.10%,33.97%,-23.87,0.29747089522280207,-1.2124388899660936,雲林縣大埤鄉494
高雄市左營區542,第9案,高雄市,左營區,尾北里,"1-5,11,13,15-17,20-22,25,27,28",542,仙樹三山宮,高雄市左營區左營下路240號,165,586,751,56,807,0,807,785,1592,50.69%,10.36%,36.81%,-26.45,0.2816925439344822,-1.2669390725563012,高雄市左營區542
高雄市林園區1803,第9案,高雄市,林園區,王公里,"21,23-31",1803,鳳林寺,高雄市林園區王公路236號,483,105,588,35,623,0,623,547,1170,53.25%,41.28%,8.97%,32.31,4.596574690770695,1.5253113936774556,高雄市林園區1803
高雄市湖內區154,第9案,高雄市,湖內區,公?里,"2-3,17",154,明宗國小(一)107教室,高雄市湖內區保生路103號,138,469,607,37,644,0,644,435,1079,59.68%,12.79%,43.47%,-30.68,0.2943935195054359,-1.222837904919166,高雄市湖內區154
屏東縣高樹鄉384,第10案,屏東縣,高樹鄉,建興村,全村,384,建興社區大路關寮活動中心,屏東縣高樹鄉建興村大山一路83號,282,232,514,63,577,0,577,571,1148,50.26%,24.56%,20.21%,4.35,1.2154243860404998,0.1950933047275593,屏東縣高樹鄉384
彰化縣埤頭鄉899,第10案,彰化縣,埤頭鄉,合興村,1-10,899,埤頭鄉立圖書館,彰化縣埤頭鄉文鄉路135號,49,129,178,29,207,0,207,855,1062,19.49%,4.61%,12.15%,-7.54,0.3803253292021689,-0.9667282630521219,彰化縣埤頭鄉899
彰化縣溪湖鎮673,第10案,彰化縣,溪湖鎮,忠覺里,全里,673,忠覺里玄天宮,彰化縣溪湖鎮忠覺里崙子腳路忠覺巷,543,149,692,45,737,0,737,542,1279,57.62%,42.46%,11.65%,30.81,3.642521797451375,1.2926762432701069,彰化縣溪湖鎮673
彰化縣竹塘鄉1037,第10案,彰化縣,竹塘鄉,小西村,全村,1037,小西村清祖寺活動中心,彰化縣竹塘鄉竹西路122號,341,100,441,42,483,0,483,260,743,65.01%,45.90%,13.46%,32.44,3.407592407592408,1.2260060031034252,彰化縣竹塘鄉1037
新北市土城區1834,第10案,新北市,土城區,復興里,25-34,1834,信義國小,新北市土城區四川路2段245巷60號,339,504,843,24,867,0,867,568,1435,60.42%,23.62%,35.12%,-11.5,0.6726839912715731,-0.3964796119569923,新北市土城區1834
新北市板橋區1229,第10案,新北市,板橋區,溪北里,9-18,1229,沙崙國小(永傳社教中心),新北市板橋區篤行路二段132號,147,290,437,32,469,1,470,1082,1552,30.22%,9.47%,18.69%,-9.22,0.5070665287831781,-0.6791130635199666,新北市板橋區1229
新竹市東區70,第10案,新竹市,東區,龍山里,13-15,70,光武國中3年13班教室,新竹市東區龍山里光復路一段512號,300,332,632,6,638,0,638,519,1157,55.14%,25.93%,28.69%,-2.76,0.9036434808792533,-0.10132037593637941,新竹市東區70
臺中市后里區363,第10案,臺中市,后里區,義德里,11-17,363,后里國小(4),臺中市后里區甲后路一段168號,190,532,722,26,748,0,748,550,1298,57.63%,14.64%,40.99%,-26.35,0.35726367224205974,-1.0292811921079401,臺中市后里區363
臺北市士林區303,第10案,臺北市,士林區,臨溪里,1-7,303,臨溪區民活動中心（衛理女中對面）,臺北市士林區至善路2段286號,466,233,699,20,719,0,719,712,1431,50.24%,32.56%,16.28%,16.28,1.9995709995709998,0.692932657336984,臺北市士林區303
高雄市大寮區1772,第10案,高雄市,大寮區,中興里,"1,2,4,5,7,8,12,16,18,37-39,41,",1772,中興里奧思幼兒園(會議室),高雄市大寮區中正路4號,198,599,797,29,826,0,826,652,1478,55.89%,13.40%,40.53%,-27.13,0.33066266065765315,-1.1066565753853739,高雄市大寮區1772
高雄市左營區560,第10案,高雄市,左營區,?南里,全里,560,?後北極殿,高雄市左營區海平路2號,276,101,377,26,403,0,403,200,603,66.83%,45.77%,16.75%,29.02,2.7309594460929776,1.0046529929096832,高雄市左營區560
高雄市林園區1803,第10案,高雄市,林園區,王公里,"21,23-31",1803,鳳林寺,高雄市林園區王公路236號,500,156,656,26,682,0,682,488,1170,58.29%,42.74%,13.33%,29.41,3.203715566944267,1.1643112509034719,高雄市林園區1803
屏東縣高樹鄉384,第11案,屏東縣,高樹鄉,建興村,全村,384,建興社區大路關寮活動中心,屏東縣高樹鄉建興村大山一路83號,242,293,535,52,587,0,587,561,1148,51.13%,21.08%,25.52%,-4.44,0.8259979529170931,-0.191162983772834,屏東縣高樹鄉384
彰化縣埤頭鄉899,第11案,彰化縣,埤頭鄉,合興村,1-10,899,埤頭鄉立圖書館,彰化縣埤頭鄉文鄉路135號,458,172,630,27,657,0,657,405,1062,61.86%,43.13%,16.20%,26.93,2.661824520627542,0.9790117976752027,彰化縣埤頭鄉899
彰化縣溪湖鎮673,第11案,彰化縣,溪湖鎮,忠覺里,全里,673,忠覺里玄天宮,彰化縣溪湖鎮忠覺里崙子腳路忠覺巷,171,504,675,62,737,0,737,542,1279,57.62%,13.37%,39.41%,-26.04,0.3394167823844475,-1.0805264801904375,彰化縣溪湖鎮673
彰化縣竹塘鄉1037,第11案,彰化縣,竹塘鄉,小西村,全村,1037,小西村清祖寺活動中心,彰化縣竹塘鄉竹西路122號,98,333,431,52,483,0,483,260,743,65.01%,13.19%,44.82%,-31.63,0.2945061543080156,-1.2224553786283168,彰化縣竹塘鄉1037
新北市土城區1834,第11案,新北市,土城區,復興里,25-34,1834,信義國小,新北市土城區四川路2段245巷60號,557,321,878,25,903,0,903,532,1435,62.93%,38.82%,22.37%,16.45,1.7349735284957957,0.5509921559313016,新北市土城區1834
新北市板橋區1229,第11案,新北市,板橋區,溪北里,9-18,1229,沙崙國小(永傳社教中心),新北市板橋區篤行路二段132號,602,327,929,31,960,1,961,591,1552,61.86%,38.79%,21.07%,17.72,1.840721491898502,0.6101576099260639,新北市板橋區1229
新竹市東區70,第11案,新竹市,東區,龍山里,13-15,70,光武國中3年13班教室,新竹市東區龍山里光復路一段512號,330,305,635,4,639,0,639,518,1157,55.23%,28.52%,26.36%,2.16,1.081940347427073,0.0787560471365233,新竹市東區70
臺中市后里區363,第11案,臺中市,后里區,義德里,11-17,363,后里國小(4),臺中市后里區甲后路一段168號,500,220,720,21,741,0,741,557,1298,57.09%,38.52%,16.95%,21.57,2.272149023171286,0.8207260898924421,臺中市后里區363
臺北市士林區303,第11案,臺北市,士林區,臨溪里,1-7,303,臨溪區民活動中心（衛理女中對面）,臺北市士林區至善路2段286號,232,446,678,27,705,0,705,726,1431,49.27%,16.21%,31.17%,-14.96,0.5202869311813494,-0.6533748288538279,臺北市士林區303
高雄市大寮區1772,第11案,高雄市,大寮區,中興里,"1,2,4,5,7,8,12,16,18,37-39,41,",1772,中興里奧思幼兒園(會議室),高雄市大寮區中正路4號,553,233,786,37,823,0,823,655,1478,55.68%,37.42%,15.76%,21.66,2.372801372801373,0.8640712709589209,高雄市大寮區1772
高雄市左營區560,第11案,高雄市,左營區,?南里,全里,560,?後北極殿,高雄市左營區海平路2號,116,254,370,30,400,0,400,203,603,66.33%,19.24%,42.12%,-22.88,0.45690672963400236,-0.7832760016222726,高雄市左營區560
高雄市林園區1803,第11案,高雄市,林園區,王公里,"21,23-31",1803,鳳林寺,高雄市林園區王公路236號,69,190,259,27,286,0,286,884,1170,24.44%,5.90%,16.24%,-10.34,0.36349289847448707,-1.0119955187207594,高雄市林園區1803
南投縣中寮鄉373,第14案,南投縣,中寮鄉,爽文村,全村,373,爽文社區活動中心,南投縣中寮鄉龍南路190號,201,77,278,25,303,0,303,187,490,61.84%,41.02%,15.71%,25.31,2.608300907911803,0.9586990162093226,南投縣中寮鄉373
南投縣仁愛鄉488,第14案,南投縣,仁愛鄉,新生村,全村,488,新生社區活動中心,南投縣仁愛鄉新生村山林巷5鄰155附2號,238,61,299,6,305,0,305,104,409,74.57%,58.19%,14.91%,43.28,3.8968903436988542,1.3601788873152674,南投縣仁愛鄉488
南投縣信義鄉452,第14案,南投縣,信義鄉,望美村,4-9,452,久美社區活動中心,南投縣信義鄉美信巷55-1號,423,99,522,25,547,0,547,432,979,55.87%,43.21%,10.11%,33.1,4.269424823410697,1.4514791163900795,南投縣信義鄉452
南投縣國姓鄉407,第14案,南投縣,國姓鄉,長流村,1-3,407,長流社區活動中心(舊),南投縣國姓鄉大長路500之24號,253,88,341,21,362,0,362,299,661,54.77%,38.28%,13.31%,24.97,2.872871736662883,1.0553121346089445,南投縣國姓鄉407
南投縣竹山鎮230,第14案,南投縣,竹山鎮,竹山里,"8-17,23",230,連興宮(媽祖廟),南投縣竹山鎮下橫街28號,136,350,486,46,532,0,532,318,850,62.59%,16.00%,41.18%,-25.18,0.38874607255069976,-0.9448289183031997,南投縣竹山鎮230
南投縣竹山鎮240,第14案,南投縣,竹山鎮,竹圍里,13-19,240,竹山高中（右側）,南投縣竹山鎮下橫街253號,179,434,613,49,662,0,662,581,1243,53.26%,14.40%,34.92%,-20.52,0.4125777470628887,-0.8853306132388818,南投縣竹山鎮240
南投縣魚池鄉394,第14案,南投縣,魚池鄉,中明村,1-7,394,中明村金安老人會館,南投縣魚池鄉有水巷28之3號,173,74,247,25,272,1,273,305,578,47.06%,29.93%,12.80%,17.13,2.3360323886639676,0.8484539298801224,南投縣魚池鄉394
南投縣魚池鄉397,第14案,南投縣,魚池鄉,日月村,全村,397,日月村集會所,南投縣魚池鄉豐年街3號,317,130,447,22,469,0,469,399,868,54.03%,36.52%,14.98%,21.54,2.437355880092237,0.8909137960258422,南投縣魚池鄉397
南投縣鹿谷鄉333,第14案,南投縣,鹿谷鄉,鹿谷村,10-16,333,鹿谷國民小學〈桌球室〉,南投縣鹿谷鄉中正路2段174號,367,141,508,33,541,1,542,398,940,57.55%,39.04%,15.00%,24.04,2.6017009213323887,0.9561654316440205,南投縣鹿谷鄉333
南投縣鹿谷鄉336,第14案,南投縣,鹿谷鄉,廣興村,1-11,336,廣興社區活動中心,南投縣鹿谷鄉光復路200號,331,145,476,20,496,0,496,314,810,61.23%,40.86%,17.90%,22.96,2.2818745692625777,0.8249972846630585,南投縣鹿谷鄉336
嘉義市東區20,第14案,嘉義市,東區,新店里,10-14,20,嘉義市東區林森國小(一年乙班教室),嘉義市東區新店里林森東路346號,181,411,592,30,622,1,623,439,1062,58.57%,17.04%,38.70%,-21.66,0.4405254196059353,-0.819787129014465,嘉義市東區20
嘉義市西區98,第14案,嘉義市,西區,福全里,"13-15,17,18,27-29",98,南天門太子行宮,嘉義市西區福全里友愛路156號,215,400,615,21,636,0,636,644,1280,49.69%,16.80%,31.25%,-14.45,0.5376155961009748,-0.620611479589505,嘉義市西區98
嘉義縣民雄鄉132,第14案,嘉義縣,民雄鄉,福興村,全村,132,福興村廣興宮,嘉義縣民雄鄉牛稠溪６０號,715,314,1029,88,1117,0,1117,887,2004,55.74%,35.68%,15.67%,20.01,2.2766634829672077,0.8227109865097493,嘉義縣民雄鄉132
嘉義縣民雄鄉96,第14案,嘉義縣,民雄鄉,西安村,1-15,96,保生大帝廟,嘉義縣民雄鄉民族路54號,272,558,830,29,859,0,859,814,1673,51.34%,16.26%,33.35%,-17.09,0.48754703458161625,-0.7183685120051871,嘉義縣民雄鄉96
嘉義縣鹿草鄉53,第14案,嘉義縣,鹿草鄉,下麻村,6-11,53,下半天集會所,嘉義縣鹿草鄉下麻村下半天２３號之２,33,102,135,15,150,0,150,147,297,50.51%,11.11%,34.34%,-23.23,0.3241919686581783,-1.1264194427876026,嘉義縣鹿草鄉53
基隆市安樂區179,第14案,基隆市,安樂區,外寮里,"1-14,21,33",179,外寮里一,基隆市安樂區外寮里基金一路129巷6之1號(外寮里民活動中心),659,336,995,56,1051,0,1051,909,1960,53.62%,33.62%,17.14%,16.48,1.961023504909253,0.6734665333276142,基隆市安樂區179
宜蘭縣壯圍鄉237,第14案,宜蘭縣,壯圍鄉,吉祥村,10-18,237,壯圍國小,宜蘭縣壯圍鄉壯五路55號,388,193,581,48,629,0,629,420,1049,59.96%,36.99%,18.40%,18.59,2.009839461418954,0.6980548489403919,宜蘭縣壯圍鄉237
屏東縣屏東市1,第14案,屏東縣,屏東市,端正里,全里,1,中正國小教室,屏東縣屏東市端正里蘇州街75號,79,44,123,5,128,0,128,109,237,54.01%,33.33%,18.57%,14.76,1.7936507936507935,0.5842530923208078,屏東縣屏東市1
屏東縣屏東市115,第14案,屏東縣,屏東市,空翔里,全里,115,空翔新城管委會,屏東縣屏東市空翔里迪化街２９號１樓,193,640,833,39,872,4,876,812,1688,51.66%,11.43%,37.91%,-26.48,0.30167161381034213,-1.1984162247134889,屏東縣屏東市115
屏東縣林邊鄉557,第14案,屏東縣,林邊鄉,田厝村,全村,557,田厝村辦公處,屏東縣林邊鄉田厝村成功路3巷34之8號,160,336,496,51,547,0,547,372,919,59.52%,17.41%,36.56%,-19.15,0.47634632549836353,-0.7416101147283911,屏東縣林邊鄉557
屏東縣竹田鄉466,第14案,屏東縣,竹田鄉,西勢村,"5-12,20-30",466,西勢社區活動中心,屏東縣竹田鄉西勢村龍門路44號,206,467,673,64,737,0,737,522,1259,58.54%,16.36%,37.09%,-20.73,0.44123314065510594,-0.8181818796116491,屏東縣竹田鄉466
屏東縣竹田鄉470,第14案,屏東縣,竹田鄉,六巷村,全村,470,六巷村活動中心,屏東縣竹田鄉六巷村太平路13號,268,130,398,28,426,0,426,374,800,53.25%,33.50%,16.25%,17.25,2.0607225211375866,0.7230566597234541,屏東縣竹田鄉470
屏東縣萬丹鄉268,第14案,屏東縣,萬丹鄉,萬生村,全村,268,農惠宮,屏東縣萬丹鄉萬生村成功街一段46巷32號,241,515,756,52,808,1,809,594,1403,57.59%,17.18%,36.71%,-19.53,0.4680644535041739,-0.7591492713844142,屏東縣萬丹鄉268
屏東縣長治鄉293,第14案,屏東縣,長治鄉,進興村,"10-12,14-23",293,長興國小南棟教室,屏東縣長治鄉進興村潭頭路50號,562,253,815,67,882,0,882,732,1614,54.65%,34.82%,15.68%,19.14,2.2208613196365072,0.7978951024569509,屏東縣長治鄉293
屏東縣麟洛鄉318,第14案,屏東縣,麟洛鄉,麟蹄村,12-21,318,麟洛鄉立圖書館,屏東縣麟洛鄉麟蹄村中山路158號,159,297,456,48,504,0,504,302,806,62.53%,19.73%,36.85%,-17.12,0.5355099293167284,-0.6245358471248208,屏東縣麟洛鄉318
彰化縣北斗鎮860,第14案,彰化縣,北斗鎮,新生里,4-10,860,新生社區活動中心,彰化縣北斗鎮興農路一段５３７號,330,127,457,48,505,3,508,409,917,55.07%,35.99%,13.85%,22.14,2.597167584579072,0.9544214606637391,彰化縣北斗鎮860
彰化縣和美鎮402,第14案,彰化縣,和美鎮,山犁里,1-6,402,和仁國小(一),彰化縣和美鎮仁愛路279號,489,195,684,38,722,0,722,433,1155,62.51%,42.34%,16.88%,25.46,2.5069195284469505,0.9190547199162461,彰化縣和美鎮402
彰化縣員林市566,第14案,彰化縣,員林市,新生里,"16-20,31",566,員林高中(二),彰化縣員林市靜修路79號,352,165,517,26,543,0,543,367,910,59.67%,38.68%,18.13%,20.55,2.132646880678377,0.7573638752349247,彰化縣員林市566
彰化縣埔心鄉741,第14案,彰化縣,埔心鄉,埤?村,全村,741,五龍宮,彰化縣埔心鄉菜寮路183號,352,176,528,41,569,0,569,373,942,60.4%,37.37%,18.68%,18.69,1.9994321408290745,0.6928632106588464,彰化縣埔心鄉741
彰化縣埤頭鄉910,第14案,彰化縣,埤頭鄉,竹圍村,全村,910,竹圍社區活動中心,彰化縣埤頭鄉竹圍路187號,341,134,475,72,547,0,547,535,1082,50.55%,31.52%,12.38%,19.14,2.5436241610738257,0.9335898991369673,彰化縣埤頭鄉910
彰化縣大村鄉591,第14案,彰化縣,大村鄉,新興村,全村,591,新興社區活動中心,彰化縣大村鄉新興巷6-3號,158,457,615,32,647,0,647,514,1161,55.73%,13.61%,39.36%,-25.75,0.3458761758914898,-1.0616744411222725,彰化縣大村鄉591
彰化縣彰化市111,第14案,彰化縣,彰化市,新華里,14-21,111,彩鳳庵活動中心(二),彰化縣彰化市彰新路1段2巷1號,401,137,538,22,560,0,560,299,859,65.19%,46.68%,15.95%,30.73,2.925601750547046,1.0735001862077385,彰化縣彰化市111
彰化縣彰化市12,第14案,彰化縣,彰化市,建寶里,1-15,12,南郭國小(三),彰化縣彰化市中興路98號,446,207,653,25,678,0,678,458,1136,59.68%,39.26%,18.22%,21.04,2.154031868662482,0.7673413737326807,彰化縣彰化市12
彰化縣彰化市160,第14案,彰化縣,彰化市,牛埔里,8-11,160,外快官老人會,彰化縣彰化市一德南路31巷29之1號,415,177,592,37,629,0,629,383,1012,62.15%,41.01%,17.49%,23.52,2.3438735177865615,0.8518049102702053,彰化縣彰化市160
彰化縣彰化市56,第14案,彰化縣,彰化市,西興里,1-8,56,西興社區活動中心,彰化縣彰化市中華西路21-1號,420,213,633,40,673,0,673,404,1077,62.49%,39.00%,19.78%,19.22,1.9713749413420931,0.678731239070765,彰化縣彰化市56
彰化縣溪州鄉919,第14案,彰化縣,溪州鄉,溪州村,1-10,919,溪州國中藝文館,彰化縣溪州鄉中央路三段300號,105,289,394,36,430,0,430,224,654,65.75%,16.06%,44.19%,-28.13,0.3635420269802836,-1.011860371139395,彰化縣溪州鄉919
彰化縣溪州鄉923,第14案,彰化縣,溪州鄉,東州村,1-8,923,東州社區活動中心,彰化縣溪州鄉保安路16號,362,154,516,20,536,0,536,511,1047,51.19%,34.57%,14.71%,19.86,2.3497728747566518,0.8543186744455256,彰化縣溪州鄉923
彰化縣溪州鄉939,第14案,彰化縣,溪州鄉,三條村,"1,6",939,三條國小,彰化縣溪州鄉中央路二段31號,304,113,417,26,443,0,443,440,883,50.17%,34.43%,12.80%,21.63,2.688770999115827,0.9890842115612443,彰化縣溪州鄉939
彰化縣溪湖鎮655,第14案,彰化縣,溪湖鎮,東寮里,11-18,655,溪湖國中(二),彰化縣溪湖鎮彰水路四段60號,175,458,633,36,669,0,669,444,1113,60.11%,15.72%,41.15%,-25.43,0.3822309539401877,-0.9617302616008904,彰化縣溪湖鎮655
彰化縣田中鎮747,第14案,彰化縣,田中鎮,復興里,9-19,747,東興社區活動中心,彰化縣田中鎮復興里山腳路四段253巷32號,120,294,414,33,447,0,447,294,741,60.32%,16.19%,39.68%,-23.49,0.40836450187011214,-0.8955951164740117,彰化縣田中鎮747
彰化縣福興鄉328,第14案,彰化縣,福興鄉,福興村,12-14,328,老人文康中心,彰化縣福興鄉福興路51巷6號,169,473,642,34,676,0,676,425,1101,61.4%,15.35%,42.96%,-27.61,0.35742971887550196,-1.028816526732568,彰化縣福興鄉328
彰化縣秀水鄉368,第14案,彰化縣,秀水鄉,曾厝村,8-13,368,林四福堂,彰化縣秀水鄉西平巷15號,146,331,477,32,509,0,509,302,811,62.76%,18.00%,40.81%,-22.81,0.441256418000604,-0.8181291257965468,彰化縣秀水鄉368
彰化縣線西鄉480,第14案,彰化縣,線西鄉,德興村,全村,480,德興社區活動中心,彰化縣線西鄉線東路2段447號,591,200,791,57,848,0,848,493,1341,63.24%,44.07%,14.91%,29.16,2.954022988505747,1.0831679662406362,彰化縣線西鄉480
彰化縣芬園鄉225,第14案,彰化縣,芬園鄉,竹林村,1-10,225,竹林社區活動中心,彰化縣芬園鄉太平路77巷12號,392,146,538,27,565,0,565,362,927,60.95%,42.29%,15.75%,26.54,2.6837782340862426,0.9872255905416323,彰化縣芬園鄉225
彰化縣花壇鄉211,第14案,彰化縣,花壇鄉,橋頭村,"1-6,9-13",211,橋頭村〈新〉活動中心,彰化縣花壇鄉橋頭村花橋街117-1號,452,190,642,41,683,0,683,476,1159,58.93%,39.00%,16.39%,22.61,2.3782219884271436,0.866353144806176,彰化縣花壇鄉211
新北市三重區723,第14案,新北市,三重區,菜寮里,10-19,723,菜寮市民活動中心,新北市三重區中寮街57巷18號,363,184,547,42,589,0,589,322,911,64.65%,39.85%,20.20%,19.65,1.9722976643128736,0.679199190181258,新北市三重區723
新北市三重區810,第14案,新北市,三重區,厚德里,1-11,810,厚德市民活動中心,新北市三重區三和路三段170巷49號,287,562,849,52,901,0,901,700,1601,56.28%,17.93%,35.10%,-17.17,0.5107632093933464,-0.6718491828810109,新北市三重區810
新北市中和區1352,第14案,新北市,中和區,景平里,"1-7,28-33",1352,巡守隊崗亭,新北市中和區景新街２７３巷３２號旁,260,590,850,38,888,0,888,1103,1991,44.6%,13.06%,29.63%,-16.57,0.4407727503812913,-0.8192258416085172,新北市中和區1352
新北市中和區1405,第14案,新北市,中和區,德穗里,"1,2,11,12,14-16,19,30,31",1405,時代幼兒園,新北市中和區莒光路８４巷２２號,262,466,728,28,756,0,756,627,1383,54.66%,18.94%,33.69%,-14.75,0.5623256811842953,-0.5756740930493345,新北市中和區1405
新北市五股區247,第14案,新北市,五股區,福德里,9-19,247,新加坡花園城堡大樓中庭,新北市五股區登林路81號,271,540,811,32,843,0,843,800,1643,51.31%,16.49%,32.87%,-16.38,0.5019440844288096,-0.6892665510942254,新北市五股區247
新北市新店區2053,第14案,新北市,新店區,明德里,20-27,2053,大豐國小,新北市新店區民族路108號,471,254,725,31,756,0,756,475,1231,61.41%,38.26%,20.63%,17.63,1.853994490358127,0.6173424953798772,新北市新店區2053
新北市新莊區425,第14案,新北市,新莊區,中平里,"1,8-12",425,榮富國小(1年7班),新北市新莊區中和街193號,533,328,861,18,879,0,879,605,1484,59.23%,35.92%,22.10%,13.82,1.6248095092959463,0.48539058386165934,新北市新莊區425
新北市新莊區470,第14案,新北市,新莊區,祥鳳里,10-18,470,牡丹心市民活動中心(6樓),新北市新莊區雙鳳路75號6樓,358,226,584,40,624,0,624,434,1058,58.98%,33.84%,21.36%,12.48,1.583812472357364,0.45983489772046293,新北市新莊區470
新北市板橋區1021,第14案,新北市,板橋區,明翠里,19-22,1021,新埔國小(130教室),新北市板橋區陽明街206號,422,266,688,30,718,0,718,504,1222,58.76%,34.53%,21.77%,12.76,1.5862457722660654,0.4613700748048096,新北市板橋區1021
新北市板橋區1048,第14案,新北市,板橋區,青翠里,9-15,1048,青翠、柏翠、嵐翠市民活動中心(右側),新北市板橋區文化路二段654號之11(華江橋下),481,261,742,64,806,0,806,604,1410,57.16%,34.11%,18.51%,15.6,1.8425890463423975,0.6111716730003248,新北市板橋區1048
新北市板橋區1141,第14案,新北市,板橋區,鄉雲里,9-10、14-20,1141,宏法禪寺,新北市板橋區大明街15巷15號,491,246,737,37,774,0,774,526,1300,59.54%,37.77%,18.92%,18.85,1.9955302722470543,0.6909098156481889,新北市板橋區1141
新北市汐止區2349,第14案,新北市,汐止區,福安里,13-16,2349,秀峰國民小學,新北市汐止區仁愛路90號,314,614,928,41,969,1,970,779,1749,55.4%,17.95%,35.11%,-17.16,0.5114802149487054,-0.6704463747907526,新北市汐止區2349
新北市汐止區2356,第14案,新北市,汐止區,復興里,"10,19-24",2356,陽光四季社區中庭,新北市汐止區龍安路36號,753,441,1194,50,1244,0,1244,876,2120,58.68%,35.52%,20.80%,14.72,1.707322602584448,0.5349264139964119,新北市汐止區2356
新北市淡水區104,第14案,新北市,淡水區,學府里,1-8,104,鄧公國小,新北市淡水區學府路99號,672,359,1031,38,1069,0,1069,948,2017,53%,33.32%,17.80%,15.52,1.8716235032024504,0.6268062377438829,新北市淡水區104
新北市淡水區113,第14案,新北市,淡水區,永吉里,全里,113,永吉里集會所,新北市淡水區清水街212號,296,164,460,42,502,0,502,339,841,59.69%,35.20%,19.50%,15.7,1.8043875685557589,0.5902212370115005,新北市淡水區113
新北市淡水區97,第14案,新北市,淡水區,北投里,18-19,97,新市國小,新北市淡水區中山北路2段200號,572,285,857,21,878,0,878,698,1576,55.71%,36.29%,18.08%,18.21,2.0066643283058574,0.6964738053558567,新北市淡水區97
新北市雙溪區2267,第14案,新北市,雙溪區,新基里,8-14,2267,南天宮,新北市雙溪區新基北街64號,99,37,136,12,148,0,148,138,286,51.75%,34.62%,12.94%,21.68,2.6711590296495955,0.9825124717225527,新北市雙溪區2267
新竹縣北埔鄉361,第14案,新竹縣,北埔鄉,大林村,1-8,361,大林社區活動中心,新竹縣北埔鄉大林村大林街２０號,109,312,421,15,436,0,436,327,763,57.14%,14.29%,40.89%,-26.6,0.34956744633130404,-1.0510587564377087,新竹縣北埔鄉361
新竹縣寶山鄉365,第14案,新竹縣,寶山鄉,雙溪村,8-15,365,雙溪辦公大樓1樓,新竹縣寶山鄉三峰路2段622巷5號,281,519,800,17,817,0,817,620,1437,56.85%,19.55%,36.12%,-16.57,0.5415141591215565,-0.6133860649206971,新竹縣寶山鄉365
新竹縣湖口鄉267,第14案,新竹縣,湖口鄉,中興村,11-23,267,中興國民小學(二),新竹縣湖口鄉吉祥街43號,215,535,750,36,786,0,786,848,1634,48.1%,13.16%,32.74%,-19.58,0.40198093814240327,-0.9113506090435747,新竹縣湖口鄉267
新竹縣湖口鄉271,第14案,新竹縣,湖口鄉,鳳凰村,"13-17,22-25",271,華興國民小學(二),新竹縣湖口鄉文化路171號,360,155,515,19,534,0,534,686,1220,43.77%,29.51%,12.70%,16.81,2.3217279174725984,0.8423117004723365,新竹縣湖口鄉271
新竹縣竹北市101,第14案,新竹縣,竹北市,尚義里,9-16,101,天德宮,新竹縣竹北市尚義街828號,244,163,407,58,465,0,465,317,782,59.46%,31.20%,20.84%,10.36,1.4966278356836298,0.40321446777194625,新竹縣竹北市101
新竹縣竹北市103,第14案,新竹縣,竹北市,崇義里,7-13,103,新竹區漁會竹北辦事處,新竹縣竹北市鳳岡路三段507巷57號,137,326,463,19,482,0,482,455,937,51.44%,14.62%,34.79%,-20.17,0.42042318307267706,-0.8664934962270048,新竹縣竹北市103
新竹縣竹北市11,第14案,新竹縣,竹北市,東平里,13-17,11,東興國民小學(二),新竹縣竹北市嘉豐十一路二段100號,370,508,878,23,901,0,901,594,1495,60.27%,24.75%,33.98%,-9.23,0.7283999212753395,-0.31690503920757596,新竹縣竹北市11
桃園市中壢區667,第14案,桃園市,中壢區,中正里,1-9,667,中正國小二年一班,桃園市中壢區榮民路329號,256,534,790,32,822,0,822,942,1764,46.6%,14.51%,30.27%,-15.76,0.4794982213068714,-0.735015094140245,桃園市中壢區667
桃園市平鎮區840,第14案,桃園市,平鎮區,廣興里,"1-14,16",840,復旦國小3108教室,桃園市平鎮區廣平街1號,505,181,686,48,734,0,734,573,1307,56.16%,38.64%,13.85%,24.79,2.7890668139149644,1.0257070645846393,桃園市平鎮區840
桃園市桃園區208,第14案,桃園市,桃園區,會稽里,"16-19,24,25",208,快樂國小212教室,桃園市桃園區會稽里8鄰大有路789號,476,279,755,25,780,5,785,1032,1817,42.93%,26.20%,15.35%,10.85,1.70584020064493,0.5340577756581966,桃園市桃園區208
桃園市楊梅區964,第14案,桃園市,楊梅區,紅梅里,1-13,964,楊梅國小一年一班,桃園市楊梅區校前路1號,184,488,672,57,729,0,729,545,1274,57.22%,14.44%,38.30%,-23.86,0.3771768080311411,-0.9750412146540698,桃園市楊梅區964
桃園市蘆竹區411,第14案,桃園市,蘆竹區,大竹里,1-12,411,大竹國小一年五班,桃園市蘆竹區大竹路556號,338,715,1053,49,1102,0,1102,1087,2189,50.34%,15.44%,32.66%,-17.22,0.4728010068521885,-0.7490806833405099,桃園市蘆竹區411
臺中市北區1063,第14案,臺中市,北區,長青里,"5-8,17,18",1063,立人國小會議室(達人樓1樓),臺中市北區北平路一段60號,513,289,802,32,834,0,834,663,1497,55.71%,34.27%,19.31%,14.96,1.7748184019370459,0.5736981089256187,臺中市北區1063
臺中市北屯區847,第14案,臺中市,北屯區,北屯里,"3,4,7,10,12-14,16,18",847,基督教北屯浸信會,臺中市北屯區興安路一段18號,272,617,889,43,932,0,932,774,1706,54.63%,15.94%,36.17%,-20.23,0.44093339815264954,-0.8188614395378204,臺中市北屯區847
臺中市南區1250,第14案,臺中市,南區,樹義里,"7-10,16,19,23,30-31,47",1250,樹義國小(3),臺中市南區福田路１１號,654,284,938,51,989,0,989,711,1700,58.18%,38.47%,16.71%,21.76,2.302358324533615,0.8339339561070248,臺中市南區1250
臺中市大肚區287,第14案,臺中市,大肚區,中和里,全里,287,中和社區活動中心,臺中市大肚區南榮路299號,365,151,516,67,583,0,583,279,862,67.63%,42.34%,17.52%,24.82,2.4162806088682993,0.8822294193828973,臺中市大肚區287
臺中市大里區1366,第14案,臺中市,大里區,東湖里,"25,26,30,36,37,38",1366,青年高中(3),臺中市大里區中湖路100號,293,529,822,52,874,3,877,838,1715,50.96%,17.08%,30.85%,-13.77,0.553959553959554,-0.5906636021932392,臺中市大里區1366
臺中市大里區1435,第14案,臺中市,大里區,日新里,"5-16,28,30-32",1435,大里幼兒園-日新分班(2),臺中市大里區日新路383號,218,526,744,49,793,0,793,626,1419,55.88%,15.36%,37.07%,-21.71,0.4145599695875309,-0.8805376355291782,臺中市大里區1435
臺中市大里區1450,第14案,臺中市,大里區,金城里,"24,25,29-32,42,46",1450,大里幼兒園-金城分班廣場,臺中市大里區塗城路923巷20號,484,237,721,38,759,0,759,577,1336,56.81%,36.23%,17.74%,18.49,2.041754533951919,0.713809503874289,臺中市大里區1450
臺中市大雅區531,第14案,臺中市,大雅區,文雅里,10-18,531,文雅國小(2),臺中市大雅區中山北路235號,333,736,1069,63,1132,0,1132,785,1917,59.05%,17.37%,38.39%,-21.02,0.45252003803831004,-0.7929232338650263,臺中市大雅區531
臺中市太平區1297,第14案,臺中市,太平區,建國里,1-10,1297,建平國小(1),臺中市太平區精美路201號,485,206,691,62,753,0,753,625,1378,54.64%,35.20%,14.95%,20.25,2.3537117903930134,0.8559935673547576,臺中市太平區1297
臺中市東勢區1523,第14案,臺中市,東勢區,福隆里,"3,4,11,12,16,17,19-21",1523,三聖宮,臺中市東勢區東和街117巷3號,190,584,774,49,823,0,823,549,1372,59.99%,13.85%,42.57%,-28.72,0.3254579695257661,-1.1225219515518803,臺中市東勢區1523
臺中市東區1161,第14案,臺中市,東區,干城里,1-10,1161,進德國小教師辦公室,臺中市東區進化路135號,483,205,688,66,754,0,754,457,1211,62.26%,39.88%,16.93%,22.95,2.3554363725012193,0.8567260064820262,臺中市東區1161
臺中市清水區143,第14案,臺中市,清水區,橋頭里,"32-34,36-38",143,安興宮辦公室,臺中市清水區橋江北街一段66之6號,635,279,914,33,947,0,947,677,1624,58.31%,39.10%,17.18%,21.92,2.2755284844141883,0.8222123262666526,臺中市清水區143
臺中市潭子區612,第14案,臺中市,潭子區,大富里,1-5,612,大富社區活動中心,臺中市潭子區民族路三段37號,596,234,830,36,866,0,866,535,1401,61.81%,42.54%,16.70%,25.84,2.5463477146518585,0.9346600637290159,臺中市潭子區612
臺中市豐原區427,第14案,臺中市,豐原區,中興里,"11,13,15,16,19-23",427,中興里活動中心(2),臺中市豐原區三村路98之1號,664,272,936,46,982,0,982,610,1592,61.68%,41.71%,17.09%,24.62,2.440646821021683,0.8922630947574673,臺中市豐原區427
臺中市龍井區247,第14案,臺中市,龍井區,福田里,全里,247,福田社區活動中心,臺中市龍井區茄投路福頭崙巷13號,388,135,523,24,547,0,547,491,1038,52.7%,37.38%,13.01%,24.37,2.8726868985936345,1.0552477934087074,臺中市龍井區247
臺中市龍井區263,第14案,臺中市,龍井區,龍泉里,1-7,263,龍泉國小(1),臺中市龍井區龍新路162號,540,248,788,33,821,0,821,601,1422,57.74%,37.97%,17.44%,20.53,2.176944780330512,0.7779224169010902,臺中市龍井區263
臺北市中山區838,第14案,臺北市,中山區,永安里,20-26,838,永安國小(地下1樓學生活動教室),臺北市中山區明水路397巷19弄1號,382,501,883,21,904,0,904,720,1624,55.67%,23.52%,30.85%,-7.33,0.762522450608661,-0.27112332751282464,臺北市中山區838
臺北市信義區709,第14案,臺北市,信義區,國業里,13-18,709,興雅國中9年2班,臺北市信義區松德路168巷15號,252,490,742,27,769,0,769,485,1254,61.32%,20.10%,39.07%,-18.97,0.5143848194246072,-0.6647836177216276,臺北市信義區709
臺北市內湖區369,第14案,臺北市,內湖區,葫洲里,1-6,369,明湖國中7年20班教室,臺北市內湖區康寧路3段60號,383,629,1012,34,1046,0,1046,678,1724,60.67%,22.22%,36.48%,-14.26,0.60896518836433,-0.49599417486938063,臺北市內湖區369
臺北市內湖區375,第14案,臺北市,內湖區,紫陽里,"5,9,19-21",375,內湖高中102教室,臺北市內湖區文德路218號,659,420,1079,39,1118,0,1118,673,1791,62.42%,36.80%,23.45%,13.35,1.5689121637705308,0.4503824898833378,臺北市內湖區375
臺北市北投區1,第14案,臺北市,北投區,建民里,1-7,1,中正高中綜合教室,臺北市北投區文林北路77號,276,474,750,53,803,2,805,508,1313,61.16%,21.02%,36.10%,-15.08,0.5823665893271462,-0.5406551509719638,臺北市北投區1
臺北市北投區31,第14案,臺北市,北投區,永和里,6-9,31,明山宮,臺北市北投區行義路臨115號,346,430,776,35,811,0,811,733,1544,52.53%,22.41%,27.85%,-5.44,0.8046965821901884,-0.21728998914839204,臺北市北投區31
臺北市士林區206,第14案,臺北市,士林區,社子里,"11,19-23",206,社福宮活動中心後側,臺北市士林區社中街210巷31號,245,388,633,41,674,0,674,724,1398,48.21%,17.53%,27.75%,-10.22,0.6315382633341922,-0.4595967478407938,臺北市士林區206
臺北市士林區281,第14案,臺北市,士林區,天玉里,1-6,281,天母國小英語教室(七),臺北市士林區天玉街12號,493,387,880,32,912,0,912,673,1585,57.54%,31.10%,24.42%,6.68,1.273831051407905,0.24202893564647804,臺北市士林區281
臺北市大同區960,第14案,臺北市,大同區,民權里,7-12,960,雙蓮國小214教室,臺北市大同區錦西街51號,477,294,771,51,822,55,877,438,1315,62.51%,36.27%,22.36%,13.91,1.6222373342400545,0.483806266962112,臺北市大同區960
臺北市松山區574,第14案,臺北市,松山區,中華里,"7,12-13,15-19",574,臺北市立圖書館啟明分館1樓,臺北市松山區敦化北路155巷76號1樓,668,334,1002,44,1046,4,1050,769,1819,57.5%,36.72%,18.36%,18.36,1.9997006884166417,0.6929975135687207,臺北市松山區574
臺北市松山區632,第14案,臺北市,松山區,敦化里,"11,14-15,17-19,29",632,敦化國小1年4班,臺北市松山區敦化北路2號,309,459,768,41,809,0,809,589,1398,57.87%,22.10%,32.83%,-10.73,0.673273796558484,-0.39560320211710576,臺北市松山區632
臺北市萬華區1140,第14案,臺北市,萬華區,糖?里,15-19,1140,臺糖倉庫C棟多功能推廣空間,臺北市萬華區大理街132之7號,397,282,679,36,715,0,715,473,1188,60.19%,33.42%,23.74%,9.68,1.4076568592697625,0.3419265201292552,臺北市萬華區1140
臺南市中西區976,第14案,臺南市,中西區,府前里,"3,8-13",976,尊王公壇,臺南市中西區府前里尊王路125號,377,216,593,47,640,0,640,524,1164,54.98%,32.39%,18.56%,13.83,1.7450254511800094,0.5567691407514712,臺南市中西區976
臺南市六甲區373,第14案,臺南市,六甲區,水林里,"1-4,8-11",373,水林里活動中心(左室),臺南市六甲區水林里民族街269號,169,330,499,28,527,0,527,649,1176,44.81%,14.37%,28.06%,-13.69,0.5122690093910935,-0.6689053829546129,臺南市六甲區373
臺南市北區862,第14案,臺南市,北區,東興里,1-6,862,東興社區活動中心 (南側),臺南市北區東興里小東路401巷51號之1,419,167,586,36,622,0,622,454,1076,57.81%,38.94%,15.52%,23.42,2.508078994614004,0.919517119329678,臺南市北區862
臺南市北門區202,第14案,臺南市,北門區,錦湖里,全里,202,錦湖國小,臺南市北門區錦湖里渡子頭75號,238,75,313,16,329,0,329,625,954,34.49%,24.95%,7.86%,17.09,3.1704394141145142,1.1538701947227281,臺南市北門區202
臺南市東區1168,第14案,臺南市,東區,富強里,1-13,1168,富強里活動中心,臺南市東區富強里裕農路446巷88號,395,759,1154,62,1216,0,1216,1022,2238,54.33%,17.65%,33.91%,-16.26,0.5204847846133579,-0.6529946236053775,臺南市東區1168
臺南市歸仁區1252,第14案,臺南市,歸仁區,文化里,1-7,1252,文化國小,臺南市歸仁區文化里文化街2段136號,557,247,804,41,845,0,845,674,1519,55.63%,36.67%,16.26%,20.41,2.2545528126264673,0.8129516440322055,臺南市歸仁區1252
臺南市永康區791,第14案,臺南市,永康區,西勢里,"14,16-19,21",791,西勢國小,臺南市永康區西勢里富強路一段278號,256,478,734,39,773,0,773,703,1476,52.37%,17.34%,32.38%,-15.04,0.5356619953984523,-0.624251922426578,臺南市永康區791
臺南市鹽水區90,第14案,臺南市,鹽水區,月港里,1-5,90,永成戲院,臺南市鹽水區月港里過港21號,150,267,417,22,439,0,439,320,759,57.84%,19.76%,35.18%,-15.42,0.5619618120554098,-0.5763213814764991,臺南市鹽水區90
苗栗縣後龍鎮226,第14案,苗栗縣,後龍鎮,北龍里,"1,6-10",226,北龍社區活動中心,苗栗縣後龍鎮北龍里東門街151號,131,284,415,26,441,0,441,291,732,60.25%,17.90%,38.80%,-20.9,0.46145723336853217,-0.7733658980904882,苗栗縣後龍鎮226
苗栗縣苗栗市47,第14案,苗栗縣,苗栗市,嘉新里,10-15,47,嘉盛五文昌廟,苗栗縣苗栗市嘉新里嘉盛街155號,144,376,520,22,542,2,544,329,873,62.08%,16.49%,43.07%,-26.58,0.3831427811752193,-0.9593475624708144,苗栗縣苗栗市47
苗栗縣苗栗市65,第14案,苗栗縣,苗栗市,南勢里,"10-19,23",65,貓堳家學苑,苗栗縣苗栗市南勢里新勝8號,108,364,472,32,504,0,504,408,912,55.26%,11.84%,39.91%,-28.07,0.2968964570173029,-1.2143718305362254,苗栗縣苗栗市65
金門縣金城鎮11,第14案,金門縣,金城鎮,西門里,39-46,11,中正國小307教室,金門縣金城鎮西門里珠浦北路38號,466,145,611,20,631,0,631,1102,1733,36.41%,26.89%,8.37%,18.52,3.212267401791868,1.1669770434885531,金門縣金城鎮11
雲林縣北港鎮274,第14案,雲林縣,北港鎮,光復里,1-14,274,建國國中(2年14班前棟教室),雲林縣北港鎮光復里大同路468號,319,128,447,34,481,0,481,263,744,64.65%,42.88%,17.20%,25.68,2.4910226385636225,0.9126933243815094,雲林縣北港鎮274
雲林縣崙背鄉301,第14案,雲林縣,崙背鄉,崙前村,"1-8,18",301,崙前村順天宮,雲林縣崙背鄉崙前村崙前村崙前70號,336,145,481,31,512,0,512,546,1058,48.39%,31.76%,13.71%,18.05,2.316333563059959,0.839985574840918,雲林縣崙背鄉301
雲林縣東勢鄉51,第14案,雲林縣,東勢鄉,月眉村,全村,51,月眉村活動中心,雲林縣東勢鄉月眉村月眉村月興路５號之４,319,185,504,37,541,0,541,666,1207,44.82%,26.43%,15.33%,11.1,1.7239330091842249,0.544608313704746,雲林縣東勢鄉51
高雄市三民區1014,第14案,高雄市,三民區,安吉里,"1-6,10-12,24-25",1014,來來幼兒園辦公室,高雄市三民區慶雲街45號,636,337,973,16,989,0,989,700,1689,58.56%,37.66%,19.95%,17.71,1.8869771581133195,0.6349761614447434,高雄市三民區1014
高雄市三民區943,第14案,高雄市,三民區,寶德里,18-28,943,寶珠溝里活動中心,高雄市三民區壽昌路2號,616,311,927,32,959,0,959,681,1640,58.48%,37.56%,18.96%,18.6,1.980392156862745,0.6832948841169336,高雄市三民區943
高雄市仁武區681,第14案,高雄市,仁武區,文武里,"16,32-33,37-40",681,文武里活動中心〈右側〉,高雄市仁武區文館路2號,516,264,780,41,821,1,822,489,1311,62.62%,39.36%,20.14%,19.22,1.9541840212040893,0.669972725851595,高雄市仁武區681
高雄市前鎮區1488,第14案,高雄市,前鎮區,草衙里,"26-28,36-38",1488,佛公天后宮左側,高雄市前鎮區天后街34號,279,623,902,51,953,0,953,823,1776,53.66%,15.71%,35.08%,-19.37,0.44792168191301557,-0.8031368790078999,高雄市前鎮區1488
高雄市大寮區1692,第14案,高雄市,大寮區,拷潭里,"1-4,6-8,17",1692,拷潭里保福宮,高雄市大寮區拷潭路35號,225,121,346,27,373,0,373,354,727,51.31%,30.95%,16.64%,14.31,1.8587943848059456,0.6199280973536401,高雄市大寮區1692
高雄市大寮區1715,第14案,高雄市,大寮區,前庄里,9-16,1715,前庄里社區活動中心右側,高雄市大寮區前庄路39號,516,213,729,36,765,0,765,488,1253,61.05%,41.18%,17.00%,24.18,2.421867667761614,0.88453900605011,高雄市大寮區1715
高雄市小港區1627,第14案,高雄市,小港區,三苓里,"1-5,12,15-16",1627,高雄市立空中大學社團多功能活動區,高雄市小港區大業北路436號,248,530,778,26,804,0,804,587,1391,57.8%,17.83%,38.10%,-20.27,0.4680249009620826,-0.7592337772960052,高雄市小港區1627
高雄市岡山區286,第14案,高雄市,岡山區,台上里,"11-13,16,25",286,昌安宮(台上幼兒園),高雄市岡山區台上路37號,587,242,829,39,868,0,868,542,1410,61.56%,41.63%,17.16%,24.47,2.4250309789343247,0.8858442991261275,高雄市岡山區286
高雄市彌陀區368,第14案,高雄市,彌陀區,文安里,13-21,368,壽齡國小（2年1班）,高雄市彌陀區國校路1號,304,146,450,54,504,0,504,321,825,61.09%,36.85%,17.70%,19.15,2.08145106091718,0.7330652759266653,高雄市彌陀區368
高雄市彌陀區369,第14案,高雄市,彌陀區,過港里,全里,369,鹽埕、過港社區康樂室,高雄市彌陀區鹽港二路53-6號,341,130,471,60,531,0,531,410,941,56.43%,36.24%,13.82%,22.42,2.621829362029209,0.9638723039061406,高雄市彌陀區369
高雄市新興區1116,第14案,高雄市,新興區,文昌里,8-20,1116,信義國小一年四班教室,高雄市新興區中正三路32號,287,507,794,40,834,0,834,394,1228,67.92%,23.37%,41.29%,-17.92,0.5661605206073753,-0.568877635673955,高雄市新興區1116
高雄市旗山區78,第14案,高雄市,旗山區,東平里,10-15,78,東平、東昌社區活動中心,高雄市旗山區興中路137巷5號,353,174,527,39,566,1,567,458,1025,55.22%,34.44%,16.98%,17.46,2.0281447443997704,0.7071214561601975,高雄市旗山區78
高雄市旗津區885,第14案,高雄市,旗津區,中興里,1-8,885,鳳山寺,高雄市旗津區旗津二路257號,240,416,656,32,688,0,688,527,1215,56.63%,19.75%,34.24%,-14.49,0.5770247536649843,-0.5498701127616882,高雄市旗津區885
高雄市林園區1791,第14案,高雄市,林園區,港埔里,"1-5,12",1791,康奉宮辦公室(左側),高雄市林園區港埔二路128號-1,358,167,525,19,544,0,544,411,955,56.96%,37.49%,17.49%,20.0,2.1430281268701377,0.762219841403039,高雄市林園區1791
高雄市梓官區388,第14案,高雄市,梓官區,大舍里,28-36,388,梓官教會(飛揚福利服務協會梓官工作站),高雄市梓官區大舍西路16號,422,183,605,33,638,0,638,435,1073,59.46%,39.33%,17.05%,22.28,2.305297651556527,0.8352098011079883,高雄市梓官區388
高雄市苓雅區1245,第14案,高雄市,苓雅區,正道里,"11,19-24",1245,中正國小二年5班(519教室),高雄市苓雅區輔仁路100號,226,542,768,26,794,0,794,513,1307,60.75%,17.29%,41.47%,-24.18,0.4170817192399926,-0.8744731069823684,高雄市苓雅區1245
高雄市茄萣區136,第14案,高雄市,茄萣區,嘉安里,全里,136,茄萣國小(賜福樓一年仁班教室),高雄市茄萣區茄萣路二段307號,275,630,905,83,988,0,988,797,1785,55.35%,15.41%,35.29%,-19.88,0.4365973654975401,-0.828743869017481,高雄市茄萣區136
高雄市路竹區196,第14案,高雄市,路竹區,竹西里,"1-16,20",196,東嶽宮,高雄市路竹區文化路１０巷１號,383,178,561,48,609,1,610,460,1070,56.92%,35.79%,16.64%,19.15,2.1510387422796184,0.7659508614109874,高雄市路竹區196
高雄市阿蓮區216,第14案,高雄市,阿蓮區,石安里,全里,216,石安社區活動中心,高雄市阿蓮區石安72號,204,389,593,35,628,0,628,671,1299,48.34%,15.70%,29.95%,-14.25,0.5245438190696479,-0.6452263101747089,高雄市阿蓮區216
高雄市鳳山區1335,第14案,高雄市,鳳山區,中和里,8-19,1335,三子亭（左側廟堂）,高雄市鳳山區信義街303之1號,453,174,627,47,674,0,674,453,1127,59.8%,40.20%,15.44%,24.76,2.6025272831705917,0.9564830048989492,高雄市鳳山區1335
高雄市鳳山區1373,第14案,高雄市,鳳山區,國泰里,"15-21,25-27",1373,忠孝國小(104教室),高雄市鳳山區國富路６３０號,512,274,786,48,834,0,834,492,1326,62.9%,38.61%,20.66%,17.95,1.8682962422473548,0.6250269151597644,高雄市鳳山區1373
高雄市鳳山區1418,第14案,高雄市,鳳山區,中榮里,8-13,1418,中崙國中(理化教室),高雄市鳳山區中崙二路487號,182,411,593,27,620,0,620,406,1026,60.43%,17.74%,40.06%,-22.32,0.4429579177815616,-0.8142805071702706,高雄市鳳山區1418
高雄市鳳山區1463,第14案,高雄市,鳳山區,南成里,15-22,1463,松青幼兒園(入園左側教室),高雄市鳳山區福安二街109號,523,237,760,72,832,0,832,560,1392,59.77%,37.57%,17.03%,20.54,2.2062420919443273,0.7912906573052056,高雄市鳳山區1463
高雄市鹽埕區849,第14案,高雄市,鹽埕區,中山里,全里,849,鹽埕國小志工室,高雄市鹽埕區五福四路183號,216,417,633,22,655,0,655,401,1056,62.03%,20.45%,39.49%,-19.04,0.5181011747782306,-0.6575847376900593,高雄市鹽埕區849
南投縣中寮鄉373,第15案,南投縣,中寮鄉,爽文村,全村,373,爽文社區活動中心,南投縣中寮鄉龍南路190號,74,198,272,31,303,0,303,187,490,61.84%,15.10%,40.41%,-25.31,0.3740535083291267,-0.983356421402464,南投縣中寮鄉373
南投縣仁愛鄉488,第15案,南投縣,仁愛鄉,新生村,全村,488,新生社區活動中心,南投縣仁愛鄉新生村山林巷5鄰155附2號,62,236,298,7,305,0,305,104,409,74.57%,15.16%,57.70%,-42.54,0.2630241423125794,-1.3355094551520341,南投縣仁愛鄉488
南投縣信義鄉452,第15案,南投縣,信義鄉,望美村,4-9,452,久美社區活動中心,南投縣信義鄉美信巷55-1號,96,432,528,22,550,0,550,429,979,56.18%,9.81%,44.13%,-34.32,0.22240222170793794,-1.5032677269616408,南投縣信義鄉452
南投縣國姓鄉407,第15案,南投縣,國姓鄉,長流村,1-3,407,長流社區活動中心(舊),南投縣國姓鄉大長路500之24號,91,251,342,20,362,0,362,299,661,54.77%,13.77%,37.97%,-24.2,0.3628036638789327,-1.0138934618976267,南投縣國姓鄉407
南投縣竹山鎮230,第15案,南投縣,竹山鎮,竹山里,"8-17,23",230,連興宮(媽祖廟),南投縣竹山鎮下橫街28號,340,147,487,45,532,0,532,318,850,62.59%,40.00%,17.29%,22.71,2.3120326308633583,0.8381270644057579,南投縣竹山鎮230
南投縣竹山鎮240,第15案,南投縣,竹山鎮,竹圍里,13-19,240,竹山高中（右側）,南投縣竹山鎮下橫街253號,410,207,617,45,662,0,662,581,1243,53.26%,32.98%,16.65%,16.33,1.9802028005794303,0.6831992639964751,南投縣竹山鎮240
南投縣魚池鄉394,第15案,南投縣,魚池鄉,中明村,1-7,394,中明村金安老人會館,南投縣魚池鄉有水巷28之3號,80,166,246,26,272,1,273,305,578,47.06%,13.84%,28.72%,-14.88,0.4822396146899458,-0.7293141625449356,南投縣魚池鄉394
南投縣魚池鄉397,第15案,南投縣,魚池鄉,日月村,全村,397,日月村集會所,南投縣魚池鄉豐年街3號,129,308,437,33,470,0,470,398,868,54.15%,14.86%,35.48%,-20.62,0.41901979876663414,-0.8698371077500255,南投縣魚池鄉397
南投縣鹿谷鄉333,第15案,南投縣,鹿谷鄉,鹿谷村,10-16,333,鹿谷國民小學〈桌球室〉,南投縣鹿谷鄉中正路2段174號,145,364,509,33,542,0,542,398,940,57.66%,15.43%,38.72%,-23.29,0.3985168909640208,-0.9200053952912457,南投縣鹿谷鄉333
南投縣鹿谷鄉336,第15案,南投縣,鹿谷鄉,廣興村,1-11,336,廣興社區活動中心,南投縣鹿谷鄉光復路200號,127,350,477,19,496,0,496,314,810,61.23%,15.68%,43.21%,-27.53,0.3630391316766638,-1.0132446497652117,南投縣鹿谷鄉336
嘉義市東區20,第15案,嘉義市,東區,新店里,10-14,20,嘉義市東區林森國小(一年乙班教室),嘉義市東區新店里林森東路346號,406,188,594,30,624,0,624,438,1062,58.76%,38.23%,17.70%,20.53,2.1589580010632643,0.7696256983852674,嘉義市東區20
嘉義市西區98,第15案,嘉義市,西區,福全里,"13-15,17,18,27-29",98,南天門太子行宮,嘉義市西區福全里友愛路156號,394,221,615,21,636,0,636,644,1280,49.69%,30.78%,17.27%,13.51,1.782451379466305,0.5779895963375575,嘉義市西區98
嘉義縣民雄鄉132,第15案,嘉義縣,民雄鄉,福興村,全村,132,福興村廣興宮,嘉義縣民雄鄉牛稠溪６０號,334,671,1005,101,1106,11,1117,887,2004,55.19%,16.67%,33.48%,-16.81,0.4978393682014603,-0.6974778078014827,嘉義縣民雄鄉132
嘉義縣民雄鄉96,第15案,嘉義縣,民雄鄉,西安村,1-15,96,保生大帝廟,嘉義縣民雄鄉民族路54號,548,283,831,26,857,0,857,816,1673,51.23%,32.76%,16.92%,15.84,1.9360649947015187,0.6606575599342167,嘉義縣民雄鄉96
嘉義縣鹿草鄉53,第15案,嘉義縣,鹿草鄉,下麻村,6-11,53,下半天集會所,嘉義縣鹿草鄉下麻村下半天２３號之２,100,33,133,16,149,0,149,148,297,50.17%,33.67%,11.11%,22.56,3.02416918429003,1.1066364039381575,嘉義縣鹿草鄉53
基隆市安樂區179,第15案,基隆市,安樂區,外寮里,"1-14,21,33",179,外寮里一,基隆市安樂區外寮里基金一路129巷6之1號(外寮里民活動中心),333,669,1002,49,1051,0,1051,909,1960,53.62%,16.99%,34.13%,-17.14,0.49783290987894185,-0.6974907805891373,基隆市安樂區179
宜蘭縣壯圍鄉237,第15案,宜蘭縣,壯圍鄉,吉祥村,10-18,237,壯圍國小,宜蘭縣壯圍鄉壯五路55號,200,378,578,49,627,0,627,422,1049,59.77%,19.07%,36.03%,-16.96,0.5292250727320814,-0.6363414693071995,宜蘭縣壯圍鄉237
屏東縣屏東市1,第15案,屏東縣,屏東市,端正里,全里,1,中正國小教室,屏東縣屏東市端正里蘇州街75號,47,75,122,6,128,0,128,109,237,54.01%,19.83%,31.65%,-11.82,0.6271637816245007,-0.46654755774771695,屏東縣屏東市1
屏東縣屏東市115,第15案,屏東縣,屏東市,空翔里,全里,115,空翔新城管委會,屏東縣屏東市空翔里迪化街２９號１樓,629,209,838,36,874,2,876,812,1688,51.78%,37.26%,12.38%,24.88,3.0086083213773316,1.101477620141396,屏東縣屏東市115
屏東縣林邊鄉557,第15案,屏東縣,林邊鄉,田厝村,全村,557,田厝村辦公處,屏東縣林邊鄉田厝村成功路3巷34之8號,343,152,495,52,547,0,547,372,919,59.52%,37.32%,16.54%,20.78,2.2557527942143327,0.8134837505991569,屏東縣林邊鄉557
屏東縣竹田鄉466,第15案,屏東縣,竹田鄉,西勢村,"5-12,20-30",466,西勢社區活動中心,屏東縣竹田鄉西勢村龍門路44號,461,215,676,63,739,0,739,520,1259,58.7%,36.62%,17.08%,19.54,2.1436541143654115,0.7625119029389755,屏東縣竹田鄉466
屏東縣竹田鄉470,第15案,屏東縣,竹田鄉,六巷村,全村,470,六巷村活動中心,屏東縣竹田鄉六巷村太平路13號,136,265,401,23,424,0,424,376,800,53%,17.00%,33.13%,-16.13,0.5133911731422104,-0.6667172036375597,屏東縣竹田鄉470
屏東縣萬丹鄉268,第15案,屏東縣,萬丹鄉,萬生村,全村,268,農惠宮,屏東縣萬丹鄉萬生村成功街一段46巷32號,503,248,751,56,807,2,809,594,1403,57.52%,35.85%,17.68%,18.17,2.0278113663845225,0.7069570667995176,屏東縣萬丹鄉268
屏東縣長治鄉293,第15案,屏東縣,長治鄉,進興村,"10-12,14-23",293,長興國小南棟教室,屏東縣長治鄉進興村潭頭路50號,274,527,801,80,881,1,882,732,1614,54.58%,16.98%,32.65%,-15.67,0.5200151773856954,-0.653897280552421,屏東縣長治鄉293
屏東縣麟洛鄉318,第15案,屏東縣,麟洛鄉,麟蹄村,12-21,318,麟洛鄉立圖書館,屏東縣麟洛鄉麟蹄村中山路158號,282,173,455,49,504,0,504,302,806,62.53%,34.99%,21.46%,13.53,1.6296938186019643,0.4883921558257871,屏東縣麟洛鄉318
彰化縣北斗鎮860,第15案,彰化縣,北斗鎮,新生里,4-10,860,新生社區活動中心,彰化縣北斗鎮興農路一段５３７號,135,324,459,49,508,0,508,409,917,55.4%,14.72%,35.33%,-20.61,0.41684665226781853,-0.8750368651813486,彰化縣北斗鎮860
彰化縣和美鎮402,第15案,彰化縣,和美鎮,山犁里,1-6,402,和仁國小(一),彰化縣和美鎮仁愛路279號,191,500,691,34,725,0,725,430,1155,62.77%,16.54%,43.29%,-26.75,0.382123575284943,-0.9620112271786306,彰化縣和美鎮402
彰化縣員林市566,第15案,彰化縣,員林市,新生里,"16-20,31",566,員林高中(二),彰化縣員林市靜修路79號,170,347,517,26,543,0,543,367,910,59.67%,18.68%,38.13%,-19.45,0.4900605012964563,-0.7132264234659247,彰化縣員林市566
彰化縣埔心鄉741,第15案,彰化縣,埔心鄉,埤?村,全村,741,五龍宮,彰化縣埔心鄉菜寮路183號,165,358,523,46,569,0,569,373,942,60.4%,17.52%,38.00%,-20.48,0.46104440100530575,-0.7742609260783048,彰化縣埔心鄉741
彰化縣埤頭鄉910,第15案,彰化縣,埤頭鄉,竹圍村,全村,910,竹圍社區活動中心,彰化縣埤頭鄉竹圍路187號,140,328,468,76,544,0,544,538,1082,50.28%,12.94%,30.31%,-17.37,0.42700396220664427,-0.8509619866240947,彰化縣埤頭鄉910
彰化縣大村鄉591,第15案,彰化縣,大村鄉,新興村,全村,591,新興社區活動中心,彰化縣大村鄉新興巷6-3號,435,170,605,34,639,0,639,522,1161,55.04%,37.47%,14.64%,22.83,2.557907113462669,0.9391893903248184,彰化縣大村鄉591
彰化縣彰化市111,第15案,彰化縣,彰化市,新華里,14-21,111,彩鳳庵活動中心(二),彰化縣彰化市彰新路1段2巷1號,152,382,534,26,560,0,560,299,859,65.19%,17.69%,44.47%,-26.78,0.3980633342057053,-0.9211441551876072,彰化縣彰化市111
彰化縣彰化市12,第15案,彰化縣,彰化市,建寶里,1-15,12,南郭國小(三),彰化縣彰化市中興路98號,217,439,656,24,680,0,680,456,1136,59.86%,19.10%,38.64%,-19.54,0.4944204053746299,-0.7043691006834256,彰化縣彰化市12
彰化縣彰化市160,第15案,彰化縣,彰化市,牛埔里,8-11,160,外快官老人會,彰化縣彰化市一德南路31巷29之1號,191,408,599,44,643,0,643,369,1012,63.54%,18.87%,40.32%,-21.45,0.4682675814751286,-0.7587153911655328,彰化縣彰化市160
彰化縣彰化市56,第15案,彰化縣,彰化市,西興里,1-8,56,西興社區活動中心,彰化縣彰化市中華西路21-1號,227,406,633,41,674,0,674,403,1077,62.58%,21.08%,37.70%,-16.62,0.5592218665353361,-0.5812089855807393,彰化縣彰化市56
彰化縣溪州鄉919,第15案,彰化縣,溪州鄉,溪州村,1-10,919,溪州國中藝文館,彰化縣溪州鄉中央路三段300號,280,112,392,37,429,0,429,225,654,65.6%,42.81%,17.13%,25.68,2.498661909009813,0.9157553521879488,彰化縣溪州鄉919
彰化縣溪州鄉923,第15案,彰化縣,溪州鄉,東州村,1-8,923,東州社區活動中心,彰化縣溪州鄉保安路16號,154,361,515,19,534,0,534,513,1047,51%,14.71%,34.48%,-19.77,0.42675159235668786,-0.8515531859573421,彰化縣溪州鄉923
彰化縣溪州鄉939,第15案,彰化縣,溪州鄉,三條村,"1,6",939,三條國小,彰化縣溪州鄉中央路二段31號,116,287,403,29,432,0,432,451,883,48.92%,13.14%,32.50%,-19.36,0.40438871473354226,-0.9053786984231726,彰化縣溪州鄉939
彰化縣溪湖鎮655,第15案,彰化縣,溪湖鎮,東寮里,11-18,655,溪湖國中(二),彰化縣溪湖鎮彰水路四段60號,459,168,627,41,668,0,668,445,1113,60.02%,41.24%,15.09%,26.15,2.7311124330755505,1.0047090108406065,彰化縣溪湖鎮655
彰化縣田中鎮747,第15案,彰化縣,田中鎮,復興里,9-19,747,東興社區活動中心,彰化縣田中鎮復興里山腳路四段253巷32號,300,116,416,31,447,0,447,294,741,60.32%,40.49%,15.65%,24.84,2.584840654608097,0.9496638637424758,彰化縣田中鎮747
彰化縣福興鄉328,第15案,彰化縣,福興鄉,福興村,12-14,328,老人文康中心,彰化縣福興鄉福興路51巷6號,460,184,644,31,675,0,675,426,1101,61.31%,41.78%,16.71%,25.07,2.499185225420967,0.9159647689223908,彰化縣福興鄉328
彰化縣秀水鄉368,第15案,彰化縣,秀水鄉,曾厝村,8-13,368,林四福堂,彰化縣秀水鄉西平巷15號,360,124,484,25,509,0,509,302,811,62.76%,44.39%,15.29%,29.1,2.9016921837228047,1.0652940784442682,彰化縣秀水鄉368
彰化縣線西鄉480,第15案,彰化縣,線西鄉,德興村,全村,480,德興社區活動中心,彰化縣線西鄉線東路2段447號,239,586,825,15,840,0,840,501,1341,62.64%,17.82%,43.70%,-25.88,0.40795086162770855,-0.8966085490181046,彰化縣線西鄉480
彰化縣芬園鄉225,第15案,彰化縣,芬園鄉,竹林村,1-10,225,竹林社區活動中心,彰化縣芬園鄉太平路77巷12號,150,388,538,31,569,0,569,358,927,61.38%,16.18%,41.86%,-25.68,0.38675599072404016,-0.9499612997354444,彰化縣芬園鄉225
彰化縣花壇鄉211,第15案,彰化縣,花壇鄉,橋頭村,"1-6,9-13",211,橋頭村〈新〉活動中心,彰化縣花壇鄉橋頭村花橋街117-1號,193,436,629,52,681,0,681,478,1159,58.76%,16.65%,37.62%,-20.97,0.44278835129557437,-0.8146633854142521,彰化縣花壇鄉211
新北市三重區723,第15案,新北市,三重區,菜寮里,10-19,723,菜寮市民活動中心,新北市三重區中寮街57巷18號,184,361,545,43,588,0,588,323,911,64.54%,20.20%,39.63%,-19.43,0.5098310717252839,-0.6736758400443799,新北市三重區723
新北市三重區810,第15案,新北市,三重區,厚德里,1-11,810,厚德市民活動中心,新北市三重區三和路三段170巷49號,572,297,869,37,906,0,906,695,1601,56.59%,35.73%,18.55%,17.18,1.9256142712891282,0.6552450188059211,新北市三重區810
新北市中和區1352,第15案,新北市,中和區,景平里,"1-7,28-33",1352,巡守隊崗亭,新北市中和區景新街２７３巷３２號旁,578,280,858,40,898,0,898,1093,1991,45.1%,29.03%,14.06%,14.97,2.0639057479471616,0.7246001818223675,新北市中和區1352
新北市中和區1405,第15案,新北市,中和區,德穗里,"1,2,11,12,14-16,19,30,31",1405,時代幼兒園,新北市中和區莒光路８４巷２２號,455,256,711,27,738,0,738,645,1383,53.36%,32.90%,18.51%,14.39,1.7770402186645842,0.5749491818171167,新北市中和區1405
新北市五股區247,第15案,新北市,五股區,福德里,9-19,247,新加坡花園城堡大樓中庭,新北市五股區登林路81號,523,292,815,48,863,0,863,780,1643,52.53%,31.83%,17.77%,14.06,1.7908250599109894,0.5826764409828701,新北市五股區247
新北市新店區2053,第15案,新北市,新店區,明德里,20-27,2053,大豐國小,新北市新店區民族路108號,258,452,710,42,752,0,752,479,1231,61.09%,20.96%,36.72%,-15.76,0.570891395708914,-0.5605562875759912,新北市新店區2053
新北市新莊區425,第15案,新北市,新莊區,中平里,"1,8-12",425,榮富國小(1年7班),新北市新莊區中和街193號,340,531,871,18,889,0,889,595,1484,59.91%,22.91%,35.78%,-12.87,0.6403690453775184,-0.44571063541520367,新北市新莊區425
新北市新莊區470,第15案,新北市,新莊區,祥鳳里,10-18,470,牡丹心市民活動中心(6樓),新北市新莊區雙鳳路75號6樓,211,363,574,29,603,0,603,455,1058,56.99%,19.94%,34.31%,-14.37,0.5813825392453869,-0.5423463235660153,新北市新莊區470
新北市板橋區1021,第15案,新北市,板橋區,明翠里,19-22,1021,新埔國小(130教室),新北市板橋區陽明街206號,268,415,683,33,716,0,716,506,1222,58.59%,21.93%,33.96%,-12.03,0.6458684654300169,-0.43715940981707946,新北市板橋區1021
新北市板橋區1048,第15案,新北市,板橋區,青翠里,9-15,1048,青翠、柏翠、嵐翠市民活動中心(右側),新北市板橋區文化路二段654號之11(華江橋下),269,626,895,60,955,0,955,455,1410,67.73%,19.08%,44.40%,-25.32,0.4298035457594634,-0.8444270450184045,新北市板橋區1048
新北市板橋區1141,第15案,新北市,板橋區,鄉雲里,9-10、14-20,1141,宏法禪寺,新北市板橋區大明街15巷15號,259,482,741,35,776,0,776,524,1300,59.69%,19.92%,37.08%,-17.16,0.5374403650694877,-0.6209374738435123,新北市板橋區1141
新北市汐止區2349,第15案,新北市,汐止區,福安里,13-16,2349,秀峰國民小學,新北市汐止區仁愛路90號,596,337,933,39,972,0,972,777,1749,55.57%,34.08%,19.27%,14.81,1.7683180065262534,0.5700288159858659,新北市汐止區2349
新北市汐止區2356,第15案,新北市,汐止區,復興里,"10,19-24",2356,陽光四季社區中庭,新北市汐止區龍安路36號,453,733,1186,56,1242,4,1246,874,2120,58.58%,21.37%,34.58%,-13.21,0.6180602919110626,-0.4811692665564484,新北市汐止區2356
新北市淡水區104,第15案,新北市,淡水區,學府里,1-8,104,鄧公國小,新北市淡水區學府路99號,364,666,1030,38,1068,0,1068,949,2017,52.95%,18.05%,33.02%,-14.97,0.5466146224290647,-0.604011254237746,新北市淡水區104
新北市淡水區113,第15案,新北市,淡水區,永吉里,全里,113,永吉里集會所,新北市淡水區清水街212號,173,290,463,39,502,0,502,339,841,59.69%,20.57%,34.48%,-13.91,0.5966907962771457,-0.516356228945195,新北市淡水區113
新北市淡水區97,第15案,新北市,淡水區,北投里,18-19,97,新市國小,新北市淡水區中山北路2段200號,308,553,861,24,885,0,885,691,1576,56.15%,19.54%,35.09%,-15.55,0.5570421261977943,-0.5851144113980101,新北市淡水區97
新北市雙溪區2267,第15案,新北市,雙溪區,新基里,8-14,2267,南天宮,新北市雙溪區新基北街64號,38,95,133,15,148,0,148,138,286,51.75%,13.29%,33.22%,-19.93,0.4006309148264985,-0.9147146874186892,新北市雙溪區2267
新竹縣北埔鄉361,第15案,新竹縣,北埔鄉,大林村,1-8,361,大林社區活動中心,新竹縣北埔鄉大林村大林街２０號,303,123,426,10,436,0,436,327,763,57.14%,39.71%,16.12%,23.59,2.4622258326563773,0.9010657508733498,新竹縣北埔鄉361
新竹縣寶山鄉365,第15案,新竹縣,寶山鄉,雙溪村,8-15,365,雙溪辦公大樓1樓,新竹縣寶山鄉三峰路2段622巷5號,509,301,810,16,826,0,826,611,1437,57.48%,35.42%,20.95%,14.47,1.6908003985386915,0.5252020254206021,新竹縣寶山鄉365
新竹縣湖口鄉267,第15案,新竹縣,湖口鄉,中興村,11-23,267,中興國民小學(二),新竹縣湖口鄉吉祥街43號,540,215,755,29,784,0,784,850,1634,47.98%,33.05%,13.16%,19.89,2.5109251510925152,0.9206512713251611,新竹縣湖口鄉267
新竹縣湖口鄉271,第15案,新竹縣,湖口鄉,鳳凰村,"13-17,22-25",271,華興國民小學(二),新竹縣湖口鄉文化路171號,163,347,510,17,527,0,527,693,1220,43.2%,13.36%,28.44%,-15.08,0.4698934024776721,-0.7552494132407725,新竹縣湖口鄉271
新竹縣竹北市101,第15案,新竹縣,竹北市,尚義里,9-16,101,天德宮,新竹縣竹北市尚義街828號,146,259,405,60,465,0,465,317,782,59.46%,18.67%,33.12%,-14.45,0.5638749517560787,-0.5729227688114106,新竹縣竹北市101
新竹縣竹北市103,第15案,新竹縣,竹北市,崇義里,7-13,103,新竹區漁會竹北辦事處,新竹縣竹北市鳳岡路三段507巷57號,317,140,457,20,477,0,477,460,937,50.91%,33.83%,14.94%,18.89,2.26338329764454,0.8168607282013404,新竹縣竹北市103
新竹縣竹北市11,第15案,新竹縣,竹北市,東平里,13-17,11,東興國民小學(二),新竹縣竹北市嘉豐十一路二段100號,519,337,856,38,894,0,894,601,1495,59.8%,34.72%,22.54%,12.18,1.539899139721151,0.4317169205931683,新竹縣竹北市11
桃園市中壢區667,第15案,桃園市,中壢區,中正里,1-9,667,中正國小二年一班,桃園市中壢區榮民路329號,531,255,786,39,825,0,825,939,1764,46.77%,30.10%,14.46%,15.64,2.0819286554292438,0.7332947022805879,桃園市中壢區667
桃園市平鎮區840,第15案,桃園市,平鎮區,廣興里,"1-14,16",840,復旦國小3108教室,桃園市平鎮區廣平街1號,200,483,683,47,730,0,730,577,1307,55.85%,15.30%,36.95%,-21.65,0.41419995860070374,-0.8814064299706733,桃園市平鎮區840
桃園市桃園區208,第15案,桃園市,桃園區,會稽里,"16-19,24,25",208,快樂國小212教室,桃園市桃園區會稽里8鄰大有路789號,263,493,756,23,779,5,784,1033,1817,42.87%,14.47%,27.13%,-12.66,0.533563171770432,-0.6281778051838333,桃園市桃園區208
桃園市楊梅區964,第15案,桃園市,楊梅區,紅梅里,1-13,964,楊梅國小一年一班,桃園市楊梅區校前路1號,468,206,674,55,729,0,729,545,1274,57.22%,36.73%,16.17%,20.56,2.2712275594371665,0.8203204604096116,桃園市楊梅區964
桃園市蘆竹區411,第15案,桃園市,蘆竹區,大竹里,1-12,411,大竹國小一年五班,桃園市蘆竹區大竹路556號,713,335,1048,53,1101,0,1101,1088,2189,50.3%,32.57%,15.30%,17.27,2.128021486123545,0.7551926682909931,桃園市蘆竹區411
臺中市北區1063,第15案,臺中市,北區,長青里,"5-8,17,18",1063,立人國小會議室(達人樓1樓),臺中市北區北平路一段60號,305,504,809,25,834,0,834,663,1497,55.71%,20.37%,33.67%,-13.3,0.6052370561396548,-0.5021350693659612,臺中市北區1063
臺中市北屯區847,第15案,臺中市,北屯區,北屯里,"3,4,7,10,12-14,16,18",847,基督教北屯浸信會,臺中市北屯區興安路一段18號,606,285,891,47,938,0,938,768,1706,54.98%,35.52%,16.71%,18.81,2.1259207295685725,0.7542049930386131,臺中市北屯區847
臺中市南區1250,第15案,臺中市,南區,樹義里,"7-10,16,19,23,30-31,47",1250,樹義國小(3),臺中市南區福田路１１號,305,606,911,60,971,0,971,729,1700,57.12%,17.94%,35.65%,-17.71,0.5033822801517902,-0.6864053972346152,臺中市南區1250
臺中市大肚區287,第15案,臺中市,大肚區,中和里,全里,287,中和社區活動中心,臺中市大肚區南榮路299號,165,362,527,56,583,0,583,279,862,67.63%,19.14%,42.00%,-22.86,0.45595139464236395,-0.7853690658455132,臺中市大肚區287
臺中市大里區1366,第15案,臺中市,大里區,東湖里,"25,26,30,36,37,38",1366,青年高中(3),臺中市大里區中湖路100號,547,271,818,56,874,3,877,838,1715,50.96%,31.90%,15.80%,16.1,2.018074511250461,0.7021438445651603,臺中市大里區1366
臺中市大里區1435,第15案,臺中市,大里區,日新里,"5-16,28,30-32",1435,大里幼兒園-日新分班(2),臺中市大里區日新路383號,530,245,775,59,834,0,834,585,1419,58.77%,37.35%,17.27%,20.08,2.162790697674419,0.7713993774596937,臺中市大里區1435
臺中市大里區1450,第15案,臺中市,大里區,金城里,"24,25,29-32,42,46",1450,大里幼兒園-金城分班廣場,臺中市大里區塗城路923巷20號,231,486,717,42,759,0,759,577,1336,56.81%,17.29%,36.38%,-19.09,0.47541658095042166,-0.7435638467710749,臺中市大里區1450
臺中市大雅區531,第15案,臺中市,大雅區,文雅里,10-18,531,文雅國小(2),臺中市大雅區中山北路235號,717,339,1056,64,1120,0,1120,797,1917,58.42%,37.40%,17.68%,19.72,2.1147154231790033,0.7489202517569363,臺中市大雅區531
臺中市太平區1297,第15案,臺中市,太平區,建國里,1-10,1297,建平國小(1),臺中市太平區精美路201號,218,475,693,57,750,0,750,628,1378,54.43%,15.82%,34.47%,-18.65,0.45906125026310246,-0.7785716349852924,臺中市太平區1297
臺中市東勢區1523,第15案,臺中市,東勢區,福隆里,"3,4,11,12,16,17,19-21",1523,三聖宮,臺中市東勢區東和街117巷3號,588,196,784,42,826,0,826,546,1372,60.2%,42.86%,14.29%,28.57,2.9989801121876596,1.0982722682636097,臺中市東勢區1523
臺中市東區1161,第15案,臺中市,東區,干城里,1-10,1161,進德國小教師辦公室,臺中市東區進化路135號,218,462,680,70,750,0,750,461,1211,61.93%,18.00%,38.15%,-20.15,0.4719757628219,-0.7508276446686374,臺中市東區1161
臺中市清水區143,第15案,臺中市,清水區,橋頭里,"32-34,36-38",143,安興宮辦公室,臺中市清水區橋江北街一段66之6號,280,619,899,42,941,0,941,683,1624,57.94%,17.24%,38.12%,-20.88,0.45243094815054113,-0.7931201282591236,臺中市清水區143
臺中市潭子區612,第15案,臺中市,潭子區,大富里,1-5,612,大富社區活動中心,臺中市潭子區民族路三段37號,239,591,830,32,862,0,862,539,1401,61.53%,17.06%,42.18%,-25.12,0.40450008458805614,-0.9051033333660449,臺中市潭子區612
臺中市豐原區427,第15案,臺中市,豐原區,中興里,"11,13,15,16,19-23",427,中興里活動中心(2),臺中市豐原區三村路98之1號,275,654,929,37,966,0,966,626,1592,60.68%,17.27%,41.08%,-23.81,0.420577893288488,-0.8661255770366382,臺中市豐原區427
臺中市龍井區247,第15案,臺中市,龍井區,福田里,全里,247,福田社區活動中心,臺中市龍井區茄投路福頭崙巷13號,150,367,517,29,546,0,546,492,1038,52.6%,14.45%,35.36%,-20.91,0.40888041405611547,-0.8943325518633725,臺中市龍井區247
臺中市龍井區263,第15案,臺中市,龍井區,龍泉里,1-7,263,龍泉國小(1),臺中市龍井區龍新路162號,230,491,721,42,763,0,763,659,1422,53.66%,16.17%,34.53%,-18.36,0.46854001221747094,-0.7581337760038788,臺中市龍井區263
臺北市中山區838,第15案,臺北市,中山區,永安里,20-26,838,永安國小(地下1樓學生活動教室),臺北市中山區明水路397巷19弄1號,487,394,881,26,907,0,907,717,1624,55.85%,29.99%,24.26%,5.73,1.2359807155544278,0.21186475661153895,臺北市中山區838
臺北市信義區709,第15案,臺北市,信義區,國業里,13-18,709,興雅國中9年2班,臺北市信義區松德路168巷15號,484,261,745,31,776,0,776,478,1254,61.88%,38.60%,20.81%,17.79,1.8540788969743394,0.6173880212405656,臺北市信義區709
臺北市內湖區369,第15案,臺北市,內湖區,葫洲里,1-6,369,明湖國中7年20班教室,臺北市內湖區康寧路3段60號,641,376,1017,32,1049,0,1049,675,1724,60.85%,37.18%,21.81%,15.37,1.7045998404679605,0.5333303855169208,臺北市內湖區369
臺北市內湖區375,第15案,臺北市,內湖區,紫陽里,"5,9,19-21",375,內湖高中102教室,臺北市內湖區文德路218號,404,676,1080,46,1126,0,1126,665,1791,62.87%,22.56%,37.74%,-15.18,0.5976926490164177,-0.5146786220122042,臺北市內湖區375
臺北市北投區1,第15案,臺北市,北投區,建民里,1-7,1,中正高中綜合教室,臺北市北投區文林北路77號,462,286,748,55,803,0,803,510,1313,61.16%,35.19%,21.78%,13.41,1.6151695211464523,0.4794399178201561,臺北市北投區1
臺北市北投區31,第15案,臺北市,北投區,永和里,6-9,31,明山宮,臺北市北投區行義路臨115號,434,337,771,32,803,0,803,741,1544,52.01%,28.11%,21.83%,6.28,1.2877484425986354,0.25289530006553285,臺北市北投區31
臺北市士林區206,第15案,臺北市,士林區,社子里,"11,19-23",206,社福宮活動中心後側,臺北市士林區社中街210巷31號,390,246,636,39,675,0,675,723,1398,48.28%,27.90%,17.60%,10.3,1.585127996749289,0.46066515911560074,臺北市士林區206
臺北市士林區281,第15案,臺北市,士林區,天玉里,1-6,281,天母國小英語教室(七),臺北市士林區天玉街12號,370,477,847,39,886,0,886,699,1585,55.9%,23.34%,30.09%,-6.75,0.7757283588346259,-0.253952873129951,臺北市士林區281
臺北市大同區960,第15案,臺北市,大同區,民權里,7-12,960,雙蓮國小214教室,臺北市大同區錦西街51號,298,475,773,48,821,57,878,437,1315,62.43%,22.66%,36.12%,-13.46,0.6274468532940434,-0.46609630750884984,臺北市大同區960
臺北市松山區574,第15案,臺北市,松山區,中華里,"7,12-13,15-19",574,臺北市立圖書館啟明分館1樓,臺北市松山區敦化北路155巷76號1樓,316,671,987,30,1017,27,1044,775,1819,55.91%,17.37%,36.89%,-19.52,0.471017732081657,-0.7528595379426216,臺北市松山區574
臺北市松山區632,第15案,臺北市,松山區,敦化里,"11,14-15,17-19,29",632,敦化國小1年4班,臺北市松山區敦化北路2號,464,297,761,48,809,0,809,589,1398,57.87%,33.19%,21.24%,11.95,1.562100302928307,0.44603126377856817,臺北市松山區632
臺北市萬華區1140,第15案,臺北市,萬華區,糖?里,15-19,1140,臺糖倉庫C棟多功能推廣空間,臺北市萬華區大理街132之7號,287,390,677,39,716,0,716,472,1188,60.27%,24.16%,32.83%,-8.67,0.735965137144322,-0.30657252938559254,臺北市萬華區1140
臺南市中西區976,第15案,臺南市,中西區,府前里,"3,8-13",976,尊王公壇,臺南市中西區府前里尊王路125號,233,373,606,33,639,0,639,525,1164,54.9%,20.02%,32.04%,-12.02,0.624765478424015,-0.4703789341854008,臺南市中西區976
臺南市六甲區373,第15案,臺南市,六甲區,水林里,"1-4,8-11",373,水林里活動中心(左室),臺南市六甲區水林里民族街269號,317,185,502,25,527,0,527,649,1176,44.81%,26.96%,15.73%,11.23,1.7131280388978931,0.5383209619648499,臺南市六甲區373
臺南市北區862,第15案,臺南市,北區,東興里,1-6,862,東興社區活動中心 (南側),臺南市北區東興里小東路401巷51號之1,165,426,591,31,622,0,622,454,1076,57.81%,15.33%,39.59%,-24.26,0.3874677305796761,-0.9481227095797842,臺南市北區862
臺南市北門區202,第15案,臺南市,北門區,錦湖里,全里,202,錦湖國小,臺南市北門區錦湖里渡子頭75號,86,222,308,17,325,0,325,629,954,34.07%,9.01%,23.27%,-14.26,0.38766321476812243,-0.9476183194666967,臺南市北門區202
臺南市東區1168,第15案,臺南市,東區,富強里,1-13,1168,富強里活動中心,臺南市東區富強里裕農路446巷88號,749,405,1154,68,1222,0,1222,1016,2238,54.6%,33.47%,18.10%,15.37,1.8491730436929152,0.6147385357451923,臺南市東區1168
臺南市歸仁區1252,第15案,臺南市,歸仁區,文化里,1-7,1252,文化國小,臺南市歸仁區文化里文化街2段136號,258,551,809,38,847,0,847,672,1519,55.76%,16.98%,36.27%,-19.29,0.4683360551624025,-0.7585691741646214,臺南市歸仁區1252
臺南市永康區791,第15案,臺南市,永康區,西勢里,"14,16-19,21",791,西勢國小,臺南市永康區西勢里富強路一段278號,475,264,739,36,775,0,775,701,1476,52.51%,32.18%,17.89%,14.29,1.7989397955319955,0.5871974888897891,臺南市永康區791
臺南市鹽水區90,第15案,臺南市,鹽水區,月港里,1-5,90,永成戲院,臺南市鹽水區月港里過港21號,284,138,422,16,438,0,438,321,759,57.71%,37.42%,18.18%,19.24,2.0572049239681394,0.721348228444896,臺南市鹽水區90
苗栗縣後龍鎮226,第15案,苗栗縣,後龍鎮,北龍里,"1,6-10",226,北龍社區活動中心,苗栗縣後龍鎮北龍里東門街151號,287,127,414,27,441,0,441,291,732,60.25%,39.21%,17.35%,21.86,2.2588512981904016,0.81485640893161,苗栗縣後龍鎮226
苗栗縣苗栗市47,第15案,苗栗縣,苗栗市,嘉新里,10-15,47,嘉盛五文昌廟,苗栗縣苗栗市嘉新里嘉盛街155號,367,159,526,19,545,2,547,326,873,62.43%,42.04%,18.21%,23.83,2.3073538654934005,0.8361013551590475,苗栗縣苗栗市47
苗栗縣苗栗市65,第15案,苗栗縣,苗栗市,南勢里,"10-19,23",65,貓堳家學苑,苗栗縣苗栗市南勢里新勝8號,358,118,476,28,504,0,504,408,912,55.26%,39.25%,12.94%,26.31,3.0321761219305676,1.1092805538010706,苗栗縣苗栗市65
金門縣金城鎮11,第15案,金門縣,金城鎮,西門里,39-46,11,中正國小307教室,金門縣金城鎮西門里珠浦北路38號,153,461,614,17,631,0,631,1102,1733,36.41%,8.83%,26.60%,-17.77,0.33203209715896764,-1.1025236365490219,金門縣金城鎮11
雲林縣北港鎮274,第15案,雲林縣,北港鎮,光復里,1-14,274,建國國中(2年14班前棟教室),雲林縣北港鎮光復里大同路468號,135,311,446,35,481,0,481,263,744,64.65%,18.15%,41.80%,-23.65,0.4342655094824815,-0.8340991589374382,雲林縣北港鎮274
雲林縣崙背鄉301,第15案,雲林縣,崙背鄉,崙前村,"1-8,18",301,崙前村順天宮,雲林縣崙背鄉崙前村崙前村崙前70號,146,352,498,15,513,0,513,545,1058,48.49%,13.80%,33.27%,-19.47,0.41493893780176083,-0.8796239074043531,雲林縣崙背鄉301
雲林縣東勢鄉51,第15案,雲林縣,東勢鄉,月眉村,全村,51,月眉村活動中心,雲林縣東勢鄉月眉村月眉村月興路５號之４,153,331,484,56,540,0,540,667,1207,44.74%,12.68%,27.42%,-14.74,0.4623980670492298,-0.7713291418895626,雲林縣東勢鄉51
高雄市三民區1014,第15案,高雄市,三民區,安吉里,"1-6,10-12,24-25",1014,來來幼兒園辦公室,高雄市三民區慶雲街45號,359,637,996,20,1016,0,1016,673,1689,60.15%,21.26%,37.71%,-16.45,0.5636477789985873,-0.5733257278904054,高雄市三民區1014
高雄市三民區943,第15案,高雄市,三民區,寶德里,18-28,943,寶珠溝里活動中心,高雄市三民區壽昌路2號,298,628,926,28,954,0,954,686,1640,58.17%,18.17%,38.29%,-20.12,0.4746059544658494,-0.7452703887763092,高雄市三民區943
高雄市仁武區681,第15案,高雄市,仁武區,文武里,"16,32-33,37-40",681,文武里活動中心〈右側〉,高雄市仁武區文館路2號,265,509,774,47,821,1,822,489,1311,62.62%,20.21%,38.83%,-18.62,0.5207228442349244,-0.6525373476133104,高雄市仁武區681
高雄市前鎮區1488,第15案,高雄市,前鎮區,草衙里,"26-28,36-38",1488,佛公天后宮左側,高雄市前鎮區天后街34號,600,299,899,54,953,0,953,823,1776,53.66%,33.78%,16.84%,16.94,2.0063523905048477,0.6963183423595647,高雄市前鎮區1488
高雄市大寮區1692,第15案,高雄市,大寮區,拷潭里,"1-4,6-8,17",1692,拷潭里保福宮,高雄市大寮區拷潭路35號,120,225,345,25,370,0,370,357,727,50.89%,16.51%,30.95%,-14.44,0.5335406486006219,-0.6282200188267488,高雄市大寮區1692
高雄市大寮區1715,第15案,高雄市,大寮區,前庄里,9-16,1715,前庄里社區活動中心右側,高雄市大寮區前庄路39號,225,502,727,37,764,0,764,489,1253,60.97%,17.96%,40.06%,-22.1,0.448317068313085,-0.8022545551279734,高雄市大寮區1715
高雄市小港區1627,第15案,高雄市,小港區,三苓里,"1-5,12,15-16",1627,高雄市立空中大學社團多功能活動區,高雄市小港區大業北路436號,527,258,785,29,814,0,814,577,1391,58.52%,37.89%,18.55%,19.34,2.0422316931421927,0.7140431771365928,高雄市小港區1627
高雄市岡山區286,第15案,高雄市,岡山區,台上里,"11-13,16,25",286,昌安宮(台上幼兒園),高雄市岡山區台上路37號,239,585,824,43,867,0,867,543,1410,61.49%,16.95%,41.49%,-24.54,0.4086480943428473,-0.8949008983299115,高雄市岡山區286
高雄市彌陀區368,第15案,高雄市,彌陀區,文安里,13-21,368,壽齡國小（2年1班）,高雄市彌陀區國校路1號,155,293,448,55,503,0,503,322,825,60.97%,18.79%,35.52%,-16.73,0.5291709314227225,-0.6364437775343538,高雄市彌陀區368
高雄市彌陀區369,第15案,高雄市,彌陀區,過港里,全里,369,鹽埕、過港社區康樂室,高雄市彌陀區鹽港二路53-6號,129,340,469,60,529,0,529,412,941,56.22%,13.71%,36.13%,-22.42,0.3795942369891208,-0.968652394160553,高雄市彌陀區369
高雄市新興區1116,第15案,高雄市,新興區,文昌里,8-20,1116,信義國小一年四班教室,高雄市新興區中正三路32號,493,298,791,41,832,0,832,396,1228,67.75%,40.15%,24.27%,15.88,1.6541429050654142,0.5032829925460546,高雄市新興區1116
高雄市旗山區78,第15案,高雄市,旗山區,東平里,10-15,78,東平、東昌社區活動中心,高雄市旗山區興中路137巷5號,185,345,530,40,570,0,570,455,1025,55.61%,18.05%,33.66%,-15.61,0.5363662706461895,-0.622938010524506,高雄市旗山區78
高雄市旗津區885,第15案,高雄市,旗津區,中興里,1-8,885,鳳山寺,高雄市旗津區旗津二路257號,440,222,662,28,690,0,690,525,1215,56.79%,36.21%,18.27%,17.94,1.9815398469158039,0.6838742429166641,高雄市旗津區885
高雄市林園區1791,第15案,高雄市,林園區,港埔里,"1-5,12",1791,康奉宮辦公室(左側),高雄市林園區港埔二路128號-1,164,353,517,24,541,0,541,414,955,56.65%,17.17%,36.96%,-19.79,0.46474086661002545,-0.7662753048382956,高雄市林園區1791
高雄市梓官區388,第15案,高雄市,梓官區,大舍里,28-36,388,梓官教會(飛揚福利服務協會梓官工作站),高雄市梓官區大舍西路16號,184,411,595,37,632,0,632,441,1073,58.9%,17.15%,38.30%,-21.15,0.4478229141328144,-0.8033574056648006,高雄市梓官區388
高雄市苓雅區1245,第15案,高雄市,苓雅區,正道里,"11,19-24",1245,中正國小二年5班(519教室),高雄市苓雅區輔仁路100號,537,219,756,37,793,0,793,514,1307,60.67%,41.09%,16.76%,24.33,2.4513920584208124,0.8966560503099928,高雄市苓雅區1245
高雄市茄萣區136,第15案,高雄市,茄萣區,嘉安里,全里,136,茄萣國小(賜福樓一年仁班教室),高雄市茄萣區茄萣路二段307號,615,288,903,87,990,0,990,795,1785,55.46%,34.45%,16.13%,18.32,2.1350225616105516,0.7584772141238396,高雄市茄萣區136
高雄市路竹區196,第15案,高雄市,路竹區,竹西里,"1-16,20",196,東嶽宮,高雄市路竹區文化路１０巷１號,182,381,563,44,607,1,608,462,1070,56.73%,17.01%,35.61%,-18.6,0.47782734190501175,-0.7385058211462524,高雄市路竹區196
高雄市阿蓮區216,第15案,高雄市,阿蓮區,石安里,全里,216,石安社區活動中心,高雄市阿蓮區石安72號,372,222,594,37,631,0,631,668,1299,48.58%,28.64%,17.09%,11.55,1.675371454299865,0.5160349044521951,高雄市阿蓮區216
高雄市鳳山區1335,第15案,高雄市,鳳山區,中和里,8-19,1335,三子亭（左側廟堂）,高雄市鳳山區信義街303之1號,180,450,630,43,673,0,673,454,1127,59.72%,15.97%,39.93%,-23.96,0.40013330371028655,-0.9159575281169767,高雄市鳳山區1335
高雄市鳳山區1373,第15案,高雄市,鳳山區,國泰里,"15-21,25-27",1373,忠孝國小(104教室),高雄市鳳山區國富路６３０號,279,500,779,55,834,0,834,492,1326,62.9%,21.04%,37.71%,-16.67,0.5580883823235353,-0.5832379378825815,高雄市鳳山區1373
高雄市鳳山區1418,第15案,高雄市,鳳山區,中榮里,8-13,1418,中崙國中(理化教室),高雄市鳳山區中崙二路487號,410,182,592,30,622,0,622,404,1026,60.62%,39.96%,17.74%,22.22,2.252059308072488,0.8118450456644515,高雄市鳳山區1418
高雄市鳳山區1463,第15案,高雄市,鳳山區,南成里,15-22,1463,松青幼兒園(入園左側教室),高雄市鳳山區福安二街109號,241,514,755,79,834,0,834,558,1392,59.91%,17.31%,36.93%,-19.62,0.4689749076055242,-0.7572060138743337,高雄市鳳山區1463
高雄市鹽埕區849,第15案,高雄市,鹽埕區,中山里,全里,849,鹽埕國小志工室,高雄市鹽埕區五福四路183號,439,174,613,23,636,0,636,420,1056,60.23%,41.57%,16.48%,25.09,2.522113727742677,0.9250973307935285,高雄市鹽埕區849
